sample_id,vehicle_structure,readable,has_xy_yaw,has_left_right_clearance,has_body_clearance,has_full_boundary,has_boundary_confidence,has_vehicle_profile_id,has_vehicle_profile_fingerprint,boundary_distance_semantics_verified,body_clearance_min_m,body_clearance_p05_m,body_clearance_p50_m,body_clearance_mean_m,body_clearance_negative_ratio,body_clearance_lt_0p5_ratio,longest_body_clearance_lt_0p5_m,corridor_width_min_m,map_id,true_label
sample_6e378fec3526db9eb331,five_axis,True,True,True,True,False,False,True,True,False,0.43646157548822995,1.326954463212168,1.629814154719646,1.5906645320713177,0.0,0.0072483111229748876,8.199999999998909,6.219415634179896,map_001,0
sample_0a9bce7c46fa4314c4be,five_axis,True,True,True,True,False,False,True,True,False,0.4347770174431873,1.4256731350566965,1.6297766417783333,1.6008292106487838,0.0,0.008502248783192655,11.199999999998909,4.656881779932726,map_001,0
sample_521a142e021c24472855,six_axis,True,True,True,True,False,False,True,True,False,0.12126772785573467,1.7415605963711898,3.615214517889397,12.616345465331303,0.0,0.004172661870503597,25.0,4.72922897938452,map_001,0
sample_82ef1ef32d1f20b4fa9c,six_axis,True,True,True,True,False,False,True,True,False,0.12126772785573467,1.7415605963711898,3.615214517889397,12.616345465331303,0.0,0.004172661870503597,25.0,4.72922897938452,map_001,0
sample_4c9318984cdb2bebef87,six_axis,True,True,True,True,False,False,True,True,False,-2.3193098237796326,0.48336966285384375,1.61966967626749,1.4590786318013595,0.029290853031860225,0.05095580678314491,47.59999999999991,4.723992151134537,map_001,0
sample_31858112ed60b1a4bbb0,six_axis,True,True,True,True,False,False,True,True,False,-2.3193098237796326,0.48336966285384375,1.61966967626749,1.4590786318013595,0.029290853031860225,0.05095580678314491,47.59999999999991,4.723992151134537,map_001,0
sample_5e7a9827a7e1c763a2d7,six_axis,True,True,True,True,False,False,True,True,False,0.4304914678001821,1.2920623596043506,1.629843033796822,1.5846766514208241,0.0,0.010770811921891058,14.399999999999636,4.751066857096582,map_001,0
sample_5e6868133c9c91cc9b51,six_axis,True,True,True,True,False,False,True,True,False,0.1663101561513572,1.7405165694091715,3.6162277182043647,12.616516709933686,0.0,0.004028776978417266,25.0,4.691257500600171,map_001,0
sample_92162fc20b921353ca2d,six_axis,True,True,True,True,False,False,True,True,False,0.12126772785573467,1.7415605963711898,3.615214517889397,12.616345465331303,0.0,0.004172661870503597,25.0,4.72922897938452,map_001,0
sample_13587dd289b5b88b6136,six_axis,True,True,True,True,False,False,True,True,False,0.12126772785573467,1.7415605963711898,3.615214517889397,12.616345465331303,0.0,0.004172661870503597,25.0,4.72922897938452,map_001,1
sample_64ea43583703538c1011,five_axis,True,True,True,True,True,True,True,True,False,1.0665196079990173,1.207106841571977,1.769340682455518,3.3878813267530297,0.0,0.0,0.0,6.883862464324329,map_002,0
sample_963cfa6ea5eec2c7b048,five_axis,True,True,True,True,False,False,True,True,False,0.3583773329624407,0.42316802413846377,1.563137355554577,2.727898485275507,0.0,0.13465160075329566,27.80000000000001,4.6325622616784,map_002,0
sample_e34a0e3c6ab759be5857,five_axis,True,True,True,True,True,True,True,True,False,1.0665196079990173,1.207106841571977,1.769340682455518,3.3878813267530297,0.0,0.0,0.0,6.883862464324329,map_002,0
sample_5f9f87668ea6bb2be48b,six_axis,True,True,True,True,False,False,True,True,False,-3.46457751243774,-3.086206550747501,0.8977818409495899,0.49068680212155363,0.1326530612244898,0.23747680890538034,51.4,6.9911659244716,map_002,0
sample_bc344258cc5903520ed2,six_axis,True,True,True,True,False,False,True,True,False,-3.46457751243774,-3.086206550747501,0.8977818409495899,0.49068680212155363,0.1326530612244898,0.23747680890538034,51.4,6.9911659244716,map_002,0
sample_d2f237df725878414383,six_axis,True,True,True,True,False,False,True,True,False,-3.5012076586946868,-2.2063589378931012,0.899243557980457,0.6282403229404309,0.150278293135436,0.22448979591836735,39.4,6.9911659244716,map_002,0
sample_0fb98d53ec7070ae8d88,six_axis,True,True,True,True,False,False,True,True,False,-3.46457751243774,-3.086206550747501,0.8977818409495899,0.49068680212155363,0.1326530612244898,0.23747680890538034,51.4,6.9911659244716,map_002,0
sample_08791d869a1dcd8084bc,six_axis,True,True,True,True,False,False,True,True,False,-3.46457751243774,-3.086206550747501,0.8977818409495899,0.49068680212155363,0.1326530612244898,0.23747680890538034,51.4,6.9911659244716,map_002,0
sample_b5709b7910d952c3a8ff,six_axis,True,True,True,True,False,False,True,True,False,-3.5012076586946868,-2.2063589378931012,0.899243557980457,0.6282403229404309,0.150278293135436,0.22448979591836735,39.4,6.9911659244716,map_002,0
sample_70edf4b98cd915bb2aa8,six_axis,True,True,True,True,False,False,True,True,False,-4.743199391686467,-2.158040762302178,0.9014944187866174,0.6276143260276758,0.15120593692022263,0.22820037105751392,23.400000000000002,6.9911659244716,map_002,0
sample_1457c0c45167b411e8ed,six_axis,True,True,True,True,False,False,True,True,False,-2.757643738734281,-1.600242084988386,-0.08596938040145785,-0.24396628409293944,0.5860771401693321,0.9689557855126999,206.0,4.8,map_002,0
sample_86e4cadfe1a8f9c6cf16,six_axis,True,True,True,True,False,False,True,True,False,-3.46457751243774,-3.086206550747501,0.8977818409495899,0.49068680212155363,0.1326530612244898,0.23747680890538034,51.4,6.9911659244716,map_002,0
sample_3ee863f16cacf81f8bc0,six_axis,True,True,True,True,False,False,True,True,False,-2.757643738734281,-1.600242084988386,-0.08596938040145785,-0.24396628409293944,0.5860771401693321,0.9689557855126999,206.0,4.8,map_002,0
sample_78ddacaad6eb0952601f,six_axis,True,True,True,True,False,False,True,True,False,-2.757643738734281,-1.600242084988386,-0.08596938040145785,-0.24396628409293944,0.5860771401693321,0.9689557855126999,206.0,4.8,map_002,0
sample_89db22d5e10d599564ce,six_axis,True,True,True,True,False,False,True,True,False,-3.46457751243774,-3.086206550747501,0.8977818409495899,0.49068680212155363,0.1326530612244898,0.23747680890538034,51.4,6.9911659244716,map_002,0
sample_29f9e066efca11f2cdea,six_axis,True,True,True,True,False,False,True,True,False,-3.7627586509422897,-1.80758528756546,0.8977818409495899,0.6456685843507355,0.14007421150278293,0.2300556586270872,38.800000000000004,6.9911659244716,map_002,0
sample_347eac32e8b8cf5ff624,six_axis,True,True,True,True,False,False,True,True,False,-3.7627586509422897,-1.80758528756546,0.8977818409495899,0.6456685843507355,0.14007421150278293,0.2300556586270872,38.800000000000004,6.9911659244716,map_002,0
sample_5e4eb77f5a42c32d3fd6,six_axis,True,True,True,True,False,False,True,True,False,-3.46457751243774,-3.086206550747501,0.8977818409495899,0.49068680212155363,0.1326530612244898,0.23747680890538034,51.4,6.9911659244716,map_002,0
sample_459708d7cd8e805af73b,six_axis,True,True,True,True,False,False,True,True,False,-3.7627586509422897,-1.80758528756546,0.8977818409495899,0.6456685843507355,0.14007421150278293,0.2300556586270872,38.800000000000004,6.9911659244716,map_002,0
sample_4f06877616afc0b55dab,six_axis,True,True,True,True,False,False,True,True,False,-3.5012076586946868,-2.2063589378931012,0.899243557980457,0.6282403229404309,0.150278293135436,0.22448979591836735,39.4,6.9911659244716,map_002,0
sample_9a9d266b037471e60c0f,six_axis,True,True,True,True,False,False,True,True,False,-3.46457751243774,-3.086206550747501,0.8977818409495899,0.49068680212155363,0.1326530612244898,0.23747680890538034,51.4,6.9911659244716,map_002,0
sample_5267f5c8e008920794e4,six_axis,True,True,True,True,False,False,True,True,False,-3.5012076586946868,-2.2063589378931012,0.899243557980457,0.6282403229404309,0.150278293135436,0.22448979591836735,39.4,6.9911659244716,map_002,0
sample_9a783ed2442fa0b65484,six_axis,True,True,True,True,False,False,True,True,False,-3.46457751243774,-3.086206550747501,0.8977818409495899,0.49068680212155363,0.1326530612244898,0.23747680890538034,51.4,6.9911659244716,map_002,1
sample_a896db42376e4598d5e9,six_axis,True,True,True,True,False,False,True,True,False,-3.46457751243774,-3.086206550747501,0.8977818409495899,0.49068680212155363,0.1326530612244898,0.23747680890538034,51.4,6.9911659244716,map_002,1
sample_6766f8f00f7203b7e511,six_axis,True,True,True,True,False,False,True,True,False,-3.46457751243774,-3.086206550747501,0.8977818409495899,0.49068680212155363,0.1326530612244898,0.23747680890538034,51.4,6.9911659244716,map_002,1
sample_5b5e2330da3079bd376e,six_axis,True,True,True,True,False,False,True,True,False,-2.757643738734281,-1.600242084988386,-0.08596938040145785,-0.24396628409293944,0.5860771401693321,0.9689557855126999,206.0,4.8,map_002,1
sample_a246374aae34d88ecd45,six_axis,True,True,True,True,False,False,True,True,False,-2.757643738734281,-1.600242084988386,-0.08596938040145785,-0.24396628409293944,0.5860771401693321,0.9689557855126999,206.0,4.8,map_002,1
sample_e2cc273d03bd96d27541,five_axis,True,True,True,True,False,False,True,True,False,2.9123834288942336,2.9180725479819007,3.0726921589587386,3.0437415240161743,0.0,0.0,0.0,9.99958261915923,map_003,1
sample_f9ae1cee128676ca8df7,six_axis,True,True,True,True,False,False,True,True,False,2.804940661688935,2.810632243953282,3.048354282077719,2.9974051518565776,0.0,0.0,0.0,9.99958261915923,map_003,1
sample_49a4d3c23272a507cd3f,unknown,True,True,True,True,False,False,False,False,False,2.7269205838078783,2.795371925684557,2.8989594113983137,2.8968066988681893,0.0,0.0,0.0,9.994878671132764,map_003,0
sample_548d481ae2f9c532b5dd,unknown,True,True,True,True,False,False,False,False,False,2.8086018897104896,2.825684046511992,2.9852319978691693,2.967553696881213,0.0,0.0,0.0,9.998849027710149,map_003,0
sample_d89ce3d20d66e543c278,unknown,True,True,True,True,False,False,False,False,False,2.6154952236121494,2.6792275529783858,2.9353483105062512,2.9091959189107635,0.0,0.0,0.0,9.953970475549532,map_003,0
sample_e67813b3016e109ee396,unknown,True,True,True,True,False,False,False,False,False,0.20217618873881182,0.20890566962427481,0.4462587534485625,0.3968063815817852,0.0,0.7134416543574594,50.19999999999999,4.8,map_003,0
sample_a2fee12738fd38c94de5,unknown,True,True,True,True,False,False,False,False,False,0.13693978983154143,0.16964728192958464,0.3828097067328371,0.3604085905953481,0.0,0.9261447562776958,84.01447857396928,4.8,map_003,0
sample_8af5ff2037b27d1863b5,unknown,True,True,True,True,False,False,False,False,False,0.20217618873881182,0.20890566962427481,0.4462587534485625,0.3968063815817852,0.0,0.7134416543574594,50.19999999999999,4.8,map_003,0
sample_7e77457d6f4cc4e9438c,unknown,True,True,True,True,False,False,False,False,False,2.7441565607982144,2.769747281440979,2.9504727833739746,2.9352210921331414,0.0,0.0,0.0,9.998117500213235,map_003,0
sample_c03b9c32528e2a377427,unknown,True,True,True,True,False,False,False,False,False,2.7464135048911023,2.773677711767452,2.9433095155554017,2.925764396800611,0.0,0.0,0.0,9.997266346163006,map_003,0
sample_d269ba74d330cb07c659,unknown,True,True,True,True,False,False,False,False,False,2.804940661688935,2.810632243953282,3.048354282077719,2.9974051518565776,0.0,0.0,0.0,9.99958261915923,map_003,1
sample_c90f392bb99bcce3e16a,unknown,True,True,True,True,False,False,False,False,False,2.747595861732253,2.7746362949816192,2.9009040747100467,2.8952340626020674,0.0,0.0,0.0,9.972202374763171,map_003,1
sample_31d03f5dc531baf0c45a,unknown,True,True,True,True,False,False,False,False,False,2.804160781133577,2.810006593412502,3.0488268257590265,2.99721685239699,0.0,0.0,0.0,9.999706821513643,map_003,1
sample_edbd374f18848c034f77,unknown,True,True,True,True,False,False,False,False,False,2.8092619380846715,2.8242772350178216,2.9844615756470763,2.9670861668529867,0.0,0.0,0.0,9.998825613532336,map_003,1
sample_5a879ceebfb8f2099f9f,five_axis,True,True,True,True,False,False,True,True,False,0.3450542731633348,0.34581684524568507,0.34581690793811215,0.34584831416781886,0.0,1.0,578.503774685135,4.8,map_004,1
sample_87fd8d73bcb6181d1d2f,six_axis,True,True,True,True,False,False,True,True,False,2.682419365972901,2.851731569098063,2.8520530980412078,2.849071045672634,0.0,0.0,0.0,9.999768656869094,map_004,1
sample_b1f510a51bf41dcee183,unknown,True,True,True,True,False,False,False,False,False,2.682419365972901,2.851731569098063,2.8520530980412078,2.849071045672634,0.0,0.0,0.0,9.999768656869094,map_004,1
sample_323765edaaffdb457600,unknown,True,True,True,True,False,False,False,False,False,2.682419365972901,2.851731569098063,2.8520530980412078,2.849071045672634,0.0,0.0,0.0,9.999768656869094,map_004,1
sample_93bdbe83423c7d4f9690,unknown,True,True,True,True,False,False,False,False,False,2.6187007040436,2.6203217978019384,2.739834753810285,2.753604881488713,0.0,0.0,0.0,9.999812087208998,map_004,1
sample_32570f8d6d82727819e6,unknown,True,True,True,True,False,False,False,False,False,2.6824267861424795,2.8519596777730016,2.852029657444361,2.849091027278322,0.0,0.0,0.0,9.99980788804326,map_004,1
sample_f93c6e2d04f17fe7dbf6,five_axis,True,True,True,True,True,True,True,True,False,1.5850079762279865,1.7841133714423734,2.7027000630022817,2.6154113463493016,0.0,0.0,0.0,9.80357023299469,map_005,0
sample_8032fcaf806c7d5bd51f,five_axis,True,True,True,True,True,True,True,True,True,1.5850079762279865,1.7841133714423734,2.7027000630022817,2.6154113463493016,0.0,0.0,0.0,9.80357023299469,map_005,0
sample_28f42be1e2161d010dcc,five_axis,True,True,True,True,True,True,True,True,False,1.5850079762279865,1.7841133714423734,2.7027000630022817,2.6154113463493016,0.0,0.0,0.0,9.80357023299469,map_005,0
sample_aec92a809f9653b0bd7d,five_axis,True,True,True,True,True,True,True,True,False,1.5850079762279865,1.7841133714423734,2.7027000630022817,2.6154113463493016,0.0,0.0,0.0,9.80357023299469,map_005,0
sample_777234617677faae9728,five_axis,True,True,True,True,True,True,True,True,False,1.5850079762279865,1.7841133714423734,2.7027000630022817,2.6154113463493016,0.0,0.0,0.0,9.80357023299469,map_005,0
sample_30e5deb5d00fd67a761c,five_axis,True,True,True,True,True,True,True,True,True,1.5850079762279865,1.7841133714423734,2.7027000630022817,2.6154113463493016,0.0,0.0,0.0,9.80357023299469,map_005,0
sample_b0ca7dd0dd8619c1b52d,five_axis,True,True,True,True,True,True,True,True,False,1.5850079762279865,1.7841133714423734,2.7027000630022817,2.6154113463493016,0.0,0.0,0.0,9.80357023299469,map_005,0
sample_f4ac342a9ca6adfaecaf,five_axis,True,True,True,True,True,True,True,True,False,1.5850079762279865,1.7841133714423734,2.7027000630022817,2.6154113463493016,0.0,0.0,0.0,9.80357023299469,map_005,0
sample_b829bc7f761635eb3bf0,five_axis,True,True,True,True,True,True,True,True,False,1.5850079762279865,1.7841133714423734,2.7027000630022817,2.6154113463493016,0.0,0.0,0.0,9.80357023299469,map_005,0
sample_b02ac86c362efc9e2fe0,five_axis,True,True,True,True,True,True,True,True,False,1.5850079762279865,1.7841133714423734,2.7027000630022817,2.6154113463493016,0.0,0.0,0.0,9.80357023299469,map_005,0
sample_b850910e34d3d959117e,five_axis,True,True,True,True,True,True,True,True,False,1.5850079762279865,1.7841133714423734,2.7027000630022817,2.6154113463493016,0.0,0.0,0.0,9.80357023299469,map_005,0
sample_5587c8a244d8fbf0438d,five_axis,True,True,True,True,True,True,True,True,False,1.5850079762279865,1.7841133714423734,2.7027000630022817,2.6154113463493016,0.0,0.0,0.0,9.80357023299469,map_005,0
sample_c5cc39642ee5cb8e70ea,five_axis,True,True,True,True,True,True,True,True,False,1.5850079762279865,1.7841133714423734,2.7027000630022817,2.6154113463493016,0.0,0.0,0.0,9.80357023299469,map_005,0
sample_fae4ad25bf5303078036,five_axis,True,True,True,True,True,True,True,True,False,1.5850079762279865,1.7841133714423734,2.7027000630022817,2.6154113463493016,0.0,0.0,0.0,9.80357023299469,map_005,0
sample_4b623e19e1b8198306b9,five_axis,True,True,True,True,True,True,True,True,True,1.5850079762279865,1.7841133714423734,2.7027000630022817,2.6154113463493016,0.0,0.0,0.0,9.80357023299469,map_005,0
sample_e17c8cc27d322864efd2,five_axis,True,True,True,True,True,True,True,True,False,1.5850079762279865,1.7841133714423734,2.7027000630022817,2.6154113463493016,0.0,0.0,0.0,9.80357023299469,map_005,0
sample_47e687d2914792d4e262,five_axis,True,True,True,True,True,True,True,True,False,1.5850079762279865,1.7841133714423734,2.7027000630022817,2.6154113463493016,0.0,0.0,0.0,9.80357023299469,map_005,0
sample_2fb32cb1660653204be8,five_axis,True,True,True,True,False,False,True,True,False,1.4411352613900057,1.5274856721930967,2.981148927538563,2.7933412630449914,0.0,0.0,0.0,9.937178718810742,map_005,1
sample_53199ca85ca6b7e79a13,six_axis,True,True,True,True,False,False,True,True,False,1.4044583390927592,1.5198891324272652,2.905263286578678,2.6970646801790745,0.0,0.0,0.0,9.937178718810742,map_005,1
sample_348bf5fc8b4a56016343,six_axis,True,True,True,True,False,False,True,True,False,0.3044671685603335,0.30521878720624696,0.30521878720842555,0.3052225041629921,0.0,1.0,230.39998952209854,4.8,map_005,1
sample_04121811e20e5ffb78ed,five_axis,True,True,True,True,False,False,True,True,False,0.6372412003261971,0.6472412003262047,2.852408195556841,2.3150416151098008,0.0,0.0,0.0,9.973321293569736,map_006,1
sample_62996ee8d2b26f12148c,six_axis,True,True,True,True,False,False,True,True,False,2.131811303382625,2.590701505596207,3.0319909045332065,2.952093081734516,0.0,0.0,0.0,9.999221505690153,map_006,1
sample_f04ca1a138f6bd87c42f,six_axis,True,True,True,True,False,False,True,True,False,1.788419656050234,2.240042634060726,3.0319860694954444,2.869072686880011,0.0,0.0,0.0,9.994599942831112,map_006,1
sample_dc7599336b8a8af9dbb2,six_axis,True,True,True,True,False,False,True,True,False,2.131811303382625,2.590701505596207,3.0319909045332065,2.952093081734516,0.0,0.0,0.0,9.999221505690153,map_006,1
sample_89fc74bb269783cb5606,six_axis,True,True,True,True,False,False,True,True,False,2.131811303382625,2.590701505596207,3.0319909045332065,2.952093081734516,0.0,0.0,0.0,9.999221505690153,map_006,1
sample_ca4d330a4b30f3b746a6,six_axis,True,True,True,True,False,False,True,True,False,2.131811303382625,2.590701505596207,3.0319909045332065,2.952093081734516,0.0,0.0,0.0,9.999221505690153,map_006,1
sample_ecdb521d7583dceffcae,five_axis,True,True,True,True,False,False,True,True,False,-1.1617922555764228,-0.4861441016694905,0.5199999918771234,0.41797646762331697,0.08119158878504673,0.10455607476635514,36.0,4.8,map_007,1
sample_f2b8f1885e4d7e4501e5,unknown,True,True,True,True,False,False,False,False,False,-1.9251132426077846,-1.0605597874172767,0.5199999765126425,0.35984438186789536,0.0905373831775701,0.11507009345794393,39.599999999999994,4.8,map_007,0
sample_0983369b67c524609f37,unknown,True,True,True,True,False,False,False,False,False,0.7693395578495918,1.700568693924595,2.607730052839429,2.4632522251749354,0.0,0.0,0.0,8.999490095469978,map_007,1
sample_46d0cf2bcd6c9816c3ca,unknown,True,True,True,True,False,False,False,False,False,0.7124471264042085,1.7315737814425445,2.6084285969069207,2.470716357237619,0.0,0.0,0.0,8.966451313011776,map_007,1
sample_46b84c3ec724e0cac37a,unknown,True,True,True,True,False,False,False,False,False,0.7823849027247998,1.5359719741123015,2.6072608562675086,2.4433975864674977,0.0,0.0,0.0,8.906191197870303,map_007,1
sample_68a8bc1d6290893d7f9a,unknown,True,True,True,True,False,False,False,False,False,0.8415673781986701,1.663039959195043,2.6068098807967734,2.467451818381931,0.0,0.0,0.0,8.999540545557606,map_007,1
sample_b99075c8878e78909ba0,unknown,True,True,True,True,False,False,False,False,False,0.9419275329961985,1.6639886677974476,2.604873359448433,2.4538718991445467,0.0,0.0,0.0,8.99954177743195,map_007,1
sample_4f4055adf98bbdbd84c7,unknown,True,True,True,True,False,False,False,False,False,0.8563117244693226,1.6567075019022535,2.606817448703929,2.4670561646046676,0.0,0.0,0.0,8.99994994254152,map_007,1
sample_470ec9fe86a74b3ef542,unknown,True,True,True,True,False,False,False,False,False,0.6229579566618706,1.659385208959937,2.612097011446488,2.493245534625373,0.0,0.0,0.0,8.999543287952601,map_007,1
sample_ab1ff671882e21989104,five_axis,True,True,True,True,False,False,True,True,False,-1.8065662571862533,-1.1941231331527997,0.5199999999999991,0.3838994700808213,0.06878612716763005,0.0953757225433526,29.80000000000001,4.8,map_008,1
sample_bfd3109a9254e2cf4c1a,unknown,True,True,True,True,False,False,False,False,False,0.1384203260585002,2.5303909793152135,3.1138071523650863,2.972380070413385,0.0,0.015055008685581933,5.599999999999994,9.999996961090403,map_008,0
sample_efb51249f6c512e19439,unknown,True,True,True,True,False,False,False,False,False,0.7417197909970152,2.5003772152089763,3.1122216293743925,2.995430947778775,0.0,0.0,0.0,9.9995630377454,map_008,0
sample_8b0aaa13441109839afa,unknown,True,True,True,True,False,False,False,False,False,0.1384203260585002,2.5303909793152135,3.1138071523650863,2.972380070413385,0.0,0.015055008685581933,5.599999999999994,9.999996961090403,map_008,0
sample_1f31e4204a2260fc6406,unknown,True,True,True,True,False,False,False,False,False,0.3274998815210708,2.4137792651746013,3.110956063197012,2.9444212933562093,0.0,0.015063731170336037,2.8000000000000114,9.999626193514462,map_008,0
sample_49147ada983e2b1185e1,unknown,True,True,True,True,False,False,False,False,False,0.5580872258106542,0.9335031681731312,3.063879288485757,2.407949465066169,0.0,0.0,0.0,9.999726764658703,map_008,1
sample_93b3691158761f5e23eb,unknown,True,True,True,True,False,False,False,False,False,0.4628841023394443,2.3821354443734157,3.1144574435335013,2.9785155728623405,0.0,0.005797101449275362,1.3999999999999773,9.999787138349742,map_008,1
sample_d4a9022cffe78fed5a86,unknown,True,True,True,True,False,False,False,False,False,0.5580872258106542,0.9335031681731312,3.063879288485757,2.407949465066169,0.0,0.0,0.0,9.999726764658703,map_008,1
sample_d8520e5402f0bac0d54e,five_axis,True,True,True,True,False,False,True,True,False,-1.1930229267334154,0.4172359019179542,2.9064797732264225,2.1984403142581748,0.016923076923076923,0.09076923076923077,13.200000000000003,10.448341192942271,map_009,0
sample_1bfa575c956e846150e9,five_axis,True,True,True,True,True,True,True,True,False,0.4193897492597447,0.4299728503795034,1.3991415211970233,1.2532913350683026,0.0,0.3324768756423433,124.30190853377995,10.765302375459392,map_009,1
sample_72bc5c57ff2997652744,five_axis,True,True,True,True,True,True,True,True,False,0.4193897492597447,0.4299728503795034,1.3991415211970233,1.2532913350683026,0.0,0.3324768756423433,124.30190853377995,10.765302375459392,map_009,1
sample_3ca78999c070aa21ecd2,five_axis,True,True,True,True,True,True,True,True,False,0.4193897492597447,0.4299728503795034,1.3991415211970233,1.2532913350683026,0.0,0.3324768756423433,124.30190853377995,10.765302375459392,map_009,1
sample_c2f160f9430b9b7cf027,five_axis,True,True,True,True,True,True,True,True,False,1.814012789280319,2.0300172972029036,4.5424942741225935,4.267500779072016,0.0,0.0,0.0,10.221044951758259,map_009,1
sample_76560ac3127240b1558f,five_axis,True,True,True,True,True,True,True,True,True,0.4193897492597447,0.4299728503795034,1.3991415211970233,1.2532913350683026,0.0,0.3324768756423433,124.30190853377995,10.765302375459392,map_009,1
sample_bb469ca386b1562c65d6,five_axis,True,True,True,True,True,True,True,True,False,0.4193897492597447,0.4299728503795034,1.3991415211970233,1.2532913350683026,0.0,0.3324768756423433,124.33543790245191,10.765302375459392,map_009,1
sample_caa076f9d9312f562cc9,five_axis,True,True,True,True,True,True,True,True,False,1.814012789280319,2.0300172972029036,4.5424942741225935,4.267500779072016,0.0,0.0,0.0,10.221044951758259,map_009,1
sample_e2b6fe926251034a44d3,five_axis,True,True,True,True,True,True,True,True,False,0.4193897492597447,0.4299728503795034,1.3991415211970233,1.2532913350683026,0.0,0.3324768756423433,124.30190853377995,10.765302375459392,map_009,1
sample_d535bbad25302d2eb993,five_axis,True,True,True,True,True,True,True,True,False,0.4193897492597447,0.4299728503795034,1.3991415211970233,1.2532913350683026,0.0,0.3324768756423433,124.33778729704147,10.765302375459392,map_009,1
sample_ea629f0b1eac6c995f7e,five_axis,True,True,True,True,True,True,True,True,False,0.4193897492597447,0.4299728503795034,1.3991415211970233,1.2532913350683026,0.0,0.3324768756423433,124.30190853377995,10.765302375459392,map_009,1
sample_71e395c328ddb189b6ee,six_axis,True,True,True,True,False,False,True,True,False,0.23618840622051465,0.31360427987155204,1.7857756888041394,1.9404349248747017,0.0,0.09338929695697797,21.200000000000017,10.769314583938677,map_009,1
sample_bbbdc66848d9feacc680,six_axis,True,True,True,True,False,False,True,True,False,0.44664741081760206,0.4898621380818759,2.0070229007679816,2.216054710931973,0.0,0.054535920293654956,16.0,10.76996236295739,map_009,1
sample_aacd72dcf6d87c0f3381,five_axis,True,True,True,True,True,True,True,True,True,0.0,0.3204016917306246,1.5660417307551344,1.6251347623785204,0.0,0.09041095890410959,10.830926095698203,8.863362721121398,map_010,0
sample_b3e8509a8bb92d7f252f,five_axis,True,True,True,True,False,False,True,True,False,0.44744038371486683,0.45636486758617334,1.586958650258166,2.1717388716627957,0.0,0.1758398856325947,49.400000000000006,5.5904753242347045,map_010,0
sample_8d5a66fdeb30e76181c7,six_axis,True,True,True,True,False,False,True,False,False,0.475225740201322,2.1943301984006807,2.7575141337597477,3.220823011781016,0.0,0.009427609427609427,2.9148309221789077,9.267329522416734,map_010,0
sample_1423e790f382fb0210c2,six_axis,True,True,True,True,False,False,True,True,False,2.5800574071510054,2.715000065249119,2.764999999994168,4.478796765522898,0.0,0.0,0.0,8.980511453193849,map_010,0
sample_2507ffa758689cdaace7,five_axis,True,True,True,True,False,False,True,True,False,1.0471347857131459,1.6390354316848297,2.4316758299400094,2.317580994079132,0.0,0.0,0.0,8.99970749694283,map_011,1
sample_96dc55fa9af31b4246aa,six_axis,True,True,True,True,False,False,True,True,False,0.8669373327349437,1.3694720187290206,2.2315268218240383,2.1127519516065254,0.0,0.0,0.0,8.989957551983313,map_011,1
sample_dd7088faa8ca54a5d5ec,unknown,True,True,True,True,False,False,False,False,False,0.805324357200339,1.4248177548416445,2.3320545106184065,2.213729945251996,0.0,0.0,0.0,8.997489630816588,map_011,0
sample_980ba533c8b1d92552c8,unknown,True,True,True,True,False,False,False,False,False,0.48694200523838926,0.7719297813885936,1.799942047759429,1.7824676576265692,0.0,0.004109885355829548,4.0,8.99641034478186,map_011,0
sample_36694aa9e950ee6f2a9a,unknown,True,True,True,True,False,False,False,False,False,0.7769755118119632,1.3202873490031615,2.1430475588741595,2.0596736561058515,0.0,0.0,0.0,8.998247282707682,map_011,0
sample_272e441757622ccaa47d,unknown,True,True,True,True,False,False,False,False,False,-1.360621377292413,-1.0757070159420863,0.24026393190737072,0.07303146181908897,0.3704663212435233,0.7247409326424871,152.0,4.8,map_011,0
sample_0bcfcda9f72a5ab3c3f7,unknown,True,True,True,True,False,False,False,False,False,0.5289491786092901,1.2415783591832588,2.3100496519299356,2.1679403041880967,0.0,0.0,0.0,8.999681848088578,map_011,0
sample_0ed9d035567e03f364a6,unknown,True,True,True,True,False,False,False,False,False,0.2706956108074349,1.1653172882211567,2.2318447689904817,2.124955678580975,0.0,0.007124352331606218,3.5999999999999943,8.999720475916394,map_011,0
sample_300ee46505f6c29af942,unknown,True,True,True,True,False,False,False,False,False,0.24949784864138796,1.0186078016461717,2.336911687423346,2.139014152672913,0.0,0.007124352331606218,3.5999999999999943,8.99959669195093,map_011,0
sample_75a6445ad06e74ece8bf,unknown,True,True,True,True,False,False,False,False,False,0.24949784864138796,1.0186078016461717,2.336911687423346,2.139014152672913,0.0,0.007124352331606218,3.5999999999999943,8.99959669195093,map_011,0
sample_c1a5a6af32331015e72d,unknown,True,True,True,True,False,False,False,False,False,0.7810971602760033,1.3584132880955013,2.2457079988665756,2.161052088861823,0.0,0.0,0.0,8.999680936380031,map_011,0
sample_8ce37dfbe9163167aa27,unknown,True,True,True,True,False,False,False,False,False,0.2707615694303001,1.1652768419972355,2.225132074008774,2.123887093335823,0.0,0.007124352331606218,3.5999999999999943,8.99972167277867,map_011,0
sample_53a2e6951eed431c6465,unknown,True,True,True,True,False,False,False,False,False,1.0964196552699796,1.3727924345830909,2.139602124820976,2.119161380826838,0.0,0.0,0.0,8.996038302034963,map_011,0
sample_00bae321675e8f0241ef,unknown,True,True,True,True,False,False,False,False,False,1.0943655023691405,1.5420362768451552,2.355870918318492,2.2414359939974484,0.0,0.0,0.0,8.997443120799769,map_011,0
sample_ea4683037e1c1728c57e,unknown,True,True,True,True,False,False,False,False,False,1.0430060846508824,1.3724195745656875,2.121971408186563,2.1088036865769393,0.0,0.0,0.0,8.996038302318322,map_011,0
sample_62bcd8cdc763d4ca2a0e,unknown,True,True,True,True,False,False,False,False,False,0.6891817202888371,1.3441797833295712,2.202363273123911,2.146439872309172,0.0,0.0,0.0,8.999515801935544,map_011,0
sample_8313797c832c9440c6d2,unknown,True,True,True,True,False,False,False,False,False,0.27500825555386893,1.1301282889405306,2.2564676460835824,2.1111544201796986,0.0,0.007124352331606218,3.5999999999999943,8.999633674699488,map_011,0
sample_7e602c1bb159460305dc,unknown,True,True,True,True,False,False,False,False,False,0.6037517498917162,1.326214307137013,2.2333757137044246,2.1499223636145133,0.0,0.0,0.0,8.999516471540975,map_011,0
sample_ebed1c44803cfdc53b9a,unknown,True,True,True,True,False,False,False,False,False,0.5819940174884453,0.7880457601158654,1.805660773044322,1.798035986106119,0.0,0.0,0.0,8.996410344896173,map_011,0
sample_fd599463453eb91769b8,unknown,True,True,True,True,False,False,False,False,False,0.8165684793413224,1.119326362633394,1.9240069323716726,1.944170968709952,0.0,0.0,0.0,8.996005461027261,map_011,0
sample_3a3922dcee6045df73a5,unknown,True,True,True,True,False,False,False,False,False,-1.360621377292413,-1.0757070159420863,0.24026393190737072,0.07303146181908897,0.3704663212435233,0.7247409326424871,152.0,4.8,map_011,0
sample_05c14460cb0a7cb1884f,unknown,True,True,True,True,False,False,False,False,False,0.9577888801207812,1.5052449927487106,2.351089229973028,2.2349517955046236,0.0,0.0,0.0,8.9974668531842,map_011,0
sample_b5d8f094a67e6e12eb90,unknown,True,True,True,True,False,False,False,False,False,0.12164057583491594,0.4144783533407578,1.615964630846034,1.7012902111650348,0.0,0.07338657457371034,27.0,8.997844431741616,map_011,0
sample_b8f1e3dcdc9b422eb768,unknown,True,True,True,True,False,False,False,False,False,-1.5421897703589136,-1.163360784996535,0.1169618098829488,-0.03114733090541217,0.44063039723661485,0.8972366148531952,443.20000000000005,4.8,map_011,0
sample_769bc6ff371b508264d7,unknown,True,True,True,True,False,False,False,False,False,0.4598635217070665,1.3584453165984045,2.349579822697259,2.2101386428793823,0.0,0.00108084738434933,1.0,8.999587265965477,map_011,0
sample_ca846e16d32ca37c0291,unknown,True,True,True,True,False,False,False,False,False,0.2749212497872822,1.1301248694771653,2.260047866874813,2.1119689479745962,0.0,0.007124352331606218,3.5999999999999943,8.99961733205945,map_011,0
sample_8b27799e6dab0994379c,unknown,True,True,True,True,False,False,False,False,False,-1.618358237133576,-1.2655575985191678,-0.003212934590829164,-0.1447663956923156,0.501727115716753,0.9516407599309153,447.40000000000003,4.8,map_011,0
sample_c86879825e1c9e832ec5,unknown,True,True,True,True,False,False,False,False,False,0.8165684793413224,1.119326362633394,1.9240069323716726,1.944170968709952,0.0,0.0,0.0,8.996005461027261,map_011,0
sample_d3740d2e7b66daaafcc7,unknown,True,True,True,True,False,False,False,False,False,1.1360427344742066,1.4341402399988694,2.1196841735854184,2.115740585459062,0.0,0.0,0.0,8.995222955559793,map_011,1
sample_3cba0d094215c6a27a97,unknown,True,True,True,True,False,False,False,False,False,1.1583616973287674,1.5421489344870083,2.3545716257011264,2.2392849689216425,0.0,0.0,0.0,8.99741877053364,map_011,1
sample_fa4a7c18dc9e40c2ae71,unknown,True,True,True,True,False,False,False,False,False,-1.360621377292413,-1.0757070159420863,0.24026393190737072,0.07303146181908897,0.3704663212435233,0.7247409326424871,152.0,4.8,map_011,1
sample_ba2e9280fc38ed97aefa,unknown,True,True,True,True,False,False,False,False,False,0.9477671715483709,1.339909746202811,2.1357562908527417,2.0676027949428457,0.0,0.0,0.0,8.99830818553384,map_011,1
sample_794cbfcbe426efd1e80f,unknown,True,True,True,True,False,False,False,False,False,0.6232852132942954,1.374116360816926,2.349430201649905,2.210669283167025,0.0,0.0,0.0,8.999628615997572,map_011,1
sample_3074a5bc261ef55a80fc,unknown,True,True,True,True,False,False,False,False,False,0.8487279063443098,1.4679011013908134,2.2775209633443967,2.207617710038273,0.0,0.0,0.0,8.994957072816202,map_011,1
sample_e0fcfef453ab2ea97675,five_axis,True,True,True,True,False,False,True,True,False,-0.08938775861105336,2.5431957260244893,2.950985546502115,2.899419747965422,0.007662835249042145,0.010642826734780758,4.933541291420056,9.999709076383741,map_012,1
sample_ad9ae178c7337eaf36ed,unknown,True,True,True,True,False,False,False,False,False,-0.09454086084163893,2.218847973089718,2.851573552868901,2.786639528030101,0.011919965942954448,0.01447424435930183,6.733717697141969,9.99979801208023,map_012,0
sample_a07e26385f8289aaa4cb,unknown,True,True,True,True,False,False,False,False,False,-0.09511991072158651,1.9829151014083686,2.8523870890199143,2.72430234843094,0.011914893617021277,0.01446808510638298,6.702500505762828,9.992060715631283,map_012,0
sample_e2f5b2a56b242195b4a4,unknown,True,True,True,True,False,False,False,False,False,-0.4318203287895992,-0.305812154970717,0.2549834751957669,0.23001135463408715,0.13239676458067262,0.8663260962111536,221.60000000000002,4.8,map_012,0
sample_37b0894dce8c9d7f549f,unknown,True,True,True,True,False,False,False,False,False,-0.08630515769089177,0.7424628230777685,1.5857461822723349,1.6952568411546403,0.012293344637558287,0.017804154302670624,6.619640107609314,9.95505429324632,map_012,0
sample_bfdc26a3023709d469fd,unknown,True,True,True,True,False,False,False,False,False,-0.09466736571597983,2.218834109658462,2.8515978075719772,2.7866944423424402,0.011919965942954448,0.01447424435930183,6.733541291420067,9.999709076383741,map_012,1
sample_d55adfa7faaaa56d0c38,unknown,True,True,True,True,False,False,False,False,False,-0.4318203287895992,-0.305812154970717,0.2549834751957669,0.23001135463408715,0.13239676458067262,0.8663260962111536,221.60000000000002,4.8,map_012,1
sample_fc64c65b62c243c5641e,unknown,True,True,True,True,False,False,False,False,False,-0.09272731396640801,2.2698738647508727,2.853188952226585,2.7824277695626676,0.01277139208173691,0.01447424435930183,6.7034933441912585,9.995388318230393,map_012,1
sample_a8056c4485bc40c90857,unknown,True,True,True,True,False,False,False,False,False,-0.09395889396554218,2.06026612643848,2.8322714329809067,2.7436033829481192,0.012340425531914894,0.01446808510638298,6.636986225056603,9.991898631732344,map_012,1
sample_ee636e67e257db3ef35d,unknown,True,True,True,True,False,False,False,False,False,-0.09466736571597983,2.218834109658462,2.8515978075719772,2.7866944423424402,0.011919965942954448,0.01447424435930183,6.733541291420067,9.999709076383741,map_012,1
sample_cd963f5a9d35253edf5f,unknown,True,True,True,True,False,False,False,False,False,-0.23556365395560164,0.2243001759407237,1.0595672302751726,1.2215524594603662,0.029349213100808166,0.18162484049340705,12.199999999999989,9.957839821461441,map_012,1
sample_6091cf82be73a6db411c,unknown,True,True,True,True,False,False,False,False,False,-0.09454086084163893,2.218847973089718,2.851573552868901,2.786639528030101,0.011919965942954448,0.01447424435930183,6.733717697141969,9.99979801208023,map_012,1
sample_0c85bc0bf316e8c49c2f,five_axis,True,True,True,True,True,True,True,True,False,2.811649872581633,2.8436756304751607,3.118004059687549,3.140408427366037,0.0,0.0,0.0,8.966190261071713,map_013,0
sample_28a59c1806b6039cab0e,five_axis,True,True,True,True,True,True,True,True,True,1.0173858586194757,1.6517070482198168,2.2397353836974174,2.2176874714052106,0.0,0.0,0.0,8.972822423908138,map_013,0
sample_907bdd4df3e22a817925,five_axis,True,True,True,True,True,True,True,True,True,1.0173858586194757,1.6517070482198168,2.2397353836974174,2.2176874714052106,0.0,0.0,0.0,8.972822423908138,map_013,0
sample_623c4336f2b10ed53349,five_axis,True,True,True,True,True,True,True,True,True,1.0173858586194757,1.6517070482198168,2.2397353836974174,2.2176874714052106,0.0,0.0,0.0,8.972822423908138,map_013,0
sample_a005f03ee55c81eeba6b,five_axis,True,True,True,True,False,False,True,True,False,2.325566664128612,2.5822209729778196,2.628455268371094,2.6199146977373995,0.0,0.0,0.0,8.969872216042027,map_013,0
sample_7407801c593e614ab364,five_axis,True,True,True,True,True,True,True,True,False,2.811649872581633,2.8436756304751607,3.118004059687549,3.140408427366037,0.0,0.0,0.0,8.966190261071713,map_013,1
sample_e78784bc73a8e73f30d0,five_axis,True,True,True,True,True,True,True,True,False,2.811649872581633,2.8436756304751607,3.118004059687549,3.140408427366037,0.0,0.0,0.0,8.966190261071713,map_013,1
sample_c61ee1012cb7f6db05fe,five_axis,True,True,True,True,True,True,True,True,False,2.811649872581633,2.8436756304751607,3.118004059687549,3.140408427366037,0.0,0.0,0.0,8.966190261071713,map_013,1
sample_e73f6bb7e1a5baa7cfaf,five_axis,True,True,True,True,False,False,True,True,False,2.811649872581633,2.8436756304751607,3.118004059687549,3.140408427366037,0.0,0.0,0.0,8.966190261071713,map_013,1
sample_ea30772900686bbf0aa5,five_axis,True,True,True,True,True,True,True,True,False,2.811649872581633,2.8436756304751607,3.118004059687549,3.140408427366037,0.0,0.0,0.0,8.966190261071713,map_013,1
sample_642ab2c5ce8a264d7350,five_axis,True,True,True,True,True,True,True,True,False,2.811649872581633,2.8436756304751607,3.118004059687549,3.140408427366037,0.0,0.0,0.0,8.966190261071713,map_013,1
sample_5571e0361bea30ecef3e,five_axis,True,True,True,True,False,False,True,True,False,2.811649872581633,2.8436756304751607,3.118004059687549,3.140408427366037,0.0,0.0,0.0,8.966190261071713,map_013,1
sample_6e3f1b42678687377dfc,five_axis,True,True,True,True,True,True,True,True,False,2.811649872581633,2.8436756304751607,3.118004059687549,3.140408427366037,0.0,0.0,0.0,8.966190261071713,map_013,1
sample_38a39e2816f88a858167,five_axis,True,True,True,True,True,True,True,True,False,2.811649872581633,2.8436756304751607,3.118004059687549,3.140408427366037,0.0,0.0,0.0,8.966190261071713,map_013,1
sample_9892880eee9fb760ca27,five_axis,True,True,True,True,True,True,True,True,False,2.811649872581633,2.8436756304751607,3.118004059687549,3.140408427366037,0.0,0.0,0.0,8.966190261071713,map_013,1
sample_70bf3a37a812269a7058,five_axis,True,True,True,True,True,True,True,True,True,1.0173858586194757,1.6517070482198168,2.2397353836974174,2.2176874714052106,0.0,0.0,0.0,8.972822423908138,map_013,1
sample_c5f55daae0abfa47383d,five_axis,True,True,True,True,True,True,True,True,False,2.811649872581633,2.8436756304751607,3.118004059687549,3.140408427366037,0.0,0.0,0.0,8.966190261071713,map_013,1
sample_94aba4be3325bf7e2a33,five_axis,True,True,True,True,True,True,True,True,False,2.811649872581633,2.8436756304751607,3.118004059687549,3.140408427366037,0.0,0.0,0.0,8.966190261071713,map_013,1
sample_a641c37b4c914d0e2d3d,five_axis,True,True,True,True,True,True,True,True,False,2.811649872581633,2.8436756304751607,3.118004059687549,3.140408427366037,0.0,0.0,0.0,8.966190261071713,map_013,1
sample_045965030b29bcde16b6,six_axis,True,True,True,True,False,False,True,True,False,0.4953523146764831,1.6353989181967692,2.454395745282234,2.33358614238126,0.0,0.00025154068670607473,0.26169021475266163,8.82434360131155,map_013,0
sample_213d618838a6e60b1980,six_axis,True,True,True,True,False,False,True,True,False,2.103251992942447,2.45322095248846,2.6178964066252775,2.616802601231773,0.0,0.0,0.0,8.8250642800126,map_013,0
sample_4fa786cbaa5d984f679a,six_axis,True,True,True,True,False,False,True,True,False,-0.49934509573119845,-0.08476363867634351,0.40448697128984445,0.33719385583611977,0.05496164004527732,0.7885800528235442,244.79999999999995,4.8,map_013,1
sample_d84f949a98d094178cf7,six_axis,True,True,True,True,False,False,True,True,False,0.5017385768403593,1.7171084973691282,2.4600964441094897,2.3535595641121105,0.0,0.0,0.0,8.825062370348736,map_013,1
sample_46ad19b78a480be21cab,six_axis,True,True,True,True,False,False,True,True,False,1.3750366533246545,1.7391061177188956,2.61548643927229,2.530872878016742,0.0,0.0,0.0,8.812009352269575,map_013,1
sample_3476279e75bb09d4e877,six_axis,True,True,True,True,False,False,True,True,False,-0.49934509573119845,-0.08476363867634351,0.40448697128984445,0.33719385583611977,0.05496164004527732,0.7885800528235442,244.79999999999995,4.8,map_013,1
sample_ef415458beb27b6e0c24,five_axis,True,True,True,True,True,True,True,True,False,3.4185573070476813,3.4812467779385323,3.6555466592311836,3.720162205562617,0.0,0.0,0.0,9.833918940073673,map_014,0
sample_6cd4cc4964173038f5e3,five_axis,True,True,True,True,False,False,True,True,False,0.18488764998272575,1.4102667448468882,2.9757651959232456,2.7934620285423875,0.0,0.016045739579490962,17.0,9.899352901917016,map_014,0
sample_fa9508bc16f9aa0dc302,five_axis,True,True,True,True,True,True,True,True,False,3.4185573070476813,3.4812467779385323,3.6555466592311836,3.720162205562617,0.0,0.0,0.0,9.833918940073673,map_014,0
sample_759903cce70d6430b454,five_axis,True,True,True,True,True,True,True,True,False,3.4185573070476813,3.4812467779385323,3.6555466592311836,3.720162205562617,0.0,0.0,0.0,9.833918940073673,map_014,0
sample_c2b3e31dad37e6240b6e,five_axis,True,True,True,True,True,True,True,True,False,3.4185573070476813,3.4812467779385323,3.6555466592311836,3.720162205562617,0.0,0.0,0.0,9.833918940073673,map_014,0
sample_add12056a7335206c34a,five_axis,True,True,True,True,True,True,True,True,False,3.4185573070476813,3.4812467779385323,3.6555466592311836,3.720162205562617,0.0,0.0,0.0,9.833918940073673,map_014,0
sample_34053e38c8f01e3e774f,five_axis,True,True,True,True,True,True,True,True,False,3.4185573070476813,3.4812467779385323,3.6555466592311836,3.720162205562617,0.0,0.0,0.0,9.833918940073673,map_014,0
sample_bf196227bae1cf65d6be,six_axis,True,True,True,True,False,False,True,True,False,0.17581345750516122,1.1092212784124729,2.8344738156016316,2.646084158220439,0.0,0.024178663713547436,19.799999999999955,9.86560718602366,map_014,1
sample_1e753e5655ce526ebdab,five_axis,True,True,True,True,False,False,True,True,False,-0.4186135735686083,-0.38081630849730863,0.4119513460442774,0.6766280379875476,0.2749003984063745,0.5737051792828686,28.73936062163765,4.601788936856041,map_015,1
sample_37394d95483d96d12243,unknown,True,True,True,True,False,False,False,False,False,0.26194807462875236,0.297723332636334,0.4173899931214642,0.7903382172483795,0.0,0.5737051792828686,28.65578107795215,4.600637424717146,map_015,1
sample_cd03c50385ae025cc103,unknown,True,True,True,True,False,False,False,False,False,0.3263258736147898,0.33689650176136277,0.4213428257775216,0.8162829278147923,0.0,0.5697211155378487,28.45466355569337,4.601413693636502,map_015,1
sample_27bb95f5902eb0b6f32f,unknown,True,True,True,True,False,False,False,False,False,0.31937343683505115,0.33104680507485806,0.41678029031378605,0.8086900460531132,0.0,0.5697211155378487,28.46566304476828,4.604540644900647,map_015,1
sample_1953faa47e9e86fef6e9,unknown,True,True,True,True,False,False,False,False,False,-0.7619108000996464,-0.703643517020816,0.345912353435446,0.5200894743338564,0.3705179282868526,0.6055776892430279,30.339360621637653,4.601788936856041,map_015,1
sample_4c0f0ce218e0e139ff06,five_axis,True,True,True,True,False,True,True,True,False,0.23662132436697592,0.41212424726265595,2.473205196698519,4.038280108543811,0.0,0.0627177700348432,15.066451276608518,4.295971337628557,map_016,0
sample_38198aa5505643578f87,five_axis,True,True,True,True,False,False,True,True,False,0.43349576378219234,0.43509919659447593,1.5120292545505416,1.1911395082240521,0.0,0.2935540069686411,67.60000000000001,4.609575686334823,map_016,0
sample_4d22612711824a33218a,five_axis,True,True,True,True,False,False,True,True,False,0.43349576378219234,0.43509919659447593,1.5120292545505416,1.1911395082240521,0.0,0.2935540069686411,67.60000000000001,4.609575686334823,map_016,0
sample_e7fb94a1e71f71c77d27,six_axis,True,True,True,True,False,False,True,True,False,0.43343926751091644,0.43617621568781484,1.5675168519868699,1.208524804734754,0.0,0.2935540069686411,67.60000000000001,4.609167128602449,map_016,0
sample_716dc9a4ec93990ed6a2,six_axis,True,True,True,True,False,False,True,True,False,0.43121258985837274,0.4342869274943943,1.1428774206566152,1.0420911501838335,0.0,0.3310104529616725,67.60000000000001,4.609510150007647,map_016,0
sample_f4289c3151cfe01ce06f,five_axis,True,True,True,True,False,False,True,True,False,0.8855552795775381,1.7372718484313818,2.062412344445611,1.9786043387218286,0.0,0.0,0.0,7.999476111078846,map_017,1
sample_797096d5d2774aab4784,unknown,True,True,True,True,False,False,False,False,False,0.26895685240959954,1.5354676923749395,2.031797864192505,1.9002827118201964,0.0,0.020829277788592563,43.0,7.999533673488538,map_017,0
sample_a113b0defa31cd005ea2,unknown,True,True,True,True,False,False,False,False,False,0.6463138806486652,1.5356642658173993,2.0198312093529713,1.918437681799971,0.0,0.0,0.0,7.999432789763585,map_017,0
sample_841201e513b8b1dd4c1b,unknown,True,True,True,True,False,False,False,False,False,0.2672439024355895,1.5352237424111452,2.031635241615426,1.9003088516328688,0.0,0.020731944714814095,42.799999999999955,7.999476111078846,map_017,0
sample_730291c80ff2bd3a5e35,unknown,True,True,True,True,False,False,False,False,False,0.2648481762379844,1.5346233071705988,2.03142366000279,1.9003612567429722,0.0,0.020731944714814095,42.799999999999955,7.999394480430118,map_017,0
sample_ae83f66ad89e13417b8d,unknown,True,True,True,True,False,False,False,False,False,0.6042725439866246,1.535705410611015,2.0183474697289725,1.918772953668765,0.0,0.0,0.0,7.999476126891798,map_017,0
sample_adb3f20fca5b53f5fa8b,unknown,True,True,True,True,False,False,False,False,False,0.2648481762379844,1.5346233071705988,2.03142366000279,1.9003612567429722,0.0,0.020731944714814095,42.799999999999955,7.999394480430118,map_017,0
sample_39f70e58ed3dc8f44612,unknown,True,True,True,True,False,False,False,False,False,0.2672439024355895,1.5352237424111452,2.031635241615426,1.9003088516328688,0.0,0.020731944714814095,42.799999999999955,7.999476111078846,map_017,0
sample_16c0894584c58a10e3b1,unknown,True,True,True,True,False,False,False,False,False,0.26895685240959954,1.5354676923749395,2.031797864192505,1.9002827118201964,0.0,0.020829277788592563,43.0,7.999533673488538,map_017,0
sample_19ebf4ad89de459fdeaf,unknown,True,True,True,True,False,False,False,False,False,0.26201852039101503,1.5338109636931845,2.0310915448257436,1.900193595783511,0.0,0.020537278567257154,42.399999999999864,7.9998101655181575,map_017,0
sample_dd70b069f15e3e706044,unknown,True,True,True,True,False,False,False,False,False,-1.329403997821284,-0.06482522297292156,0.4319720507588599,0.30043228823493845,0.11465836091103757,0.6115437025501266,169.60000000000002,4.8,map_017,1
sample_1c57e87162ea166611f8,unknown,True,True,True,True,False,False,False,False,False,0.4970491473415013,1.535663563803656,2.0284102017797965,1.9126940152360334,0.0,0.00019474196689386563,0.6000000000001364,7.999336501558265,map_017,1
sample_2e80ef727ad48183e720,five_axis,True,True,True,True,False,False,True,True,False,-0.9516848050497986,1.5610577877744158,2.1137876476608497,1.9808756199419144,0.007494398516572665,0.021015220582554277,30.200000000000045,7.184466808158563,map_018,0
sample_436bc4cfadf5515e5ce3,six_axis,True,True,True,True,False,False,True,True,False,-1.3280884850675383,1.3806289304969388,2.063936305411117,1.9436028524012934,0.0063388991960420535,0.01855287569573284,28.399999999999864,7.4239760751517485,map_018,0
sample_98842887add6be0bdd41,six_axis,True,True,True,True,False,False,True,True,False,-8.572018580751045,0.07828038417911498,0.5003107786804775,0.36697376258367437,0.04557968797797492,0.49977057204037934,341.2,4.8,map_018,0
sample_b102ca40cd0efd971165,six_axis,True,True,True,True,False,False,True,True,False,-8.572018580751045,0.07828038417911498,0.5003107786804775,0.36697376258367437,0.04557968797797492,0.49977057204037934,341.2,4.8,map_018,0
sample_671a98e62fca71f5bf81,unknown,True,True,True,True,False,False,False,False,False,-8.572018580751045,0.07828038417911498,0.5003107786804775,0.36697376258367437,0.04557968797797492,0.49977057204037934,341.2,4.8,map_018,0
sample_55e377c467a621ac068e,unknown,True,True,True,True,False,False,False,False,False,-4.087054833855209,1.296587899658532,2.0957130498439955,1.958732607344902,0.00440188431539115,0.0053285968028419185,9.200000000000045,7.964161065179559,map_018,0
sample_3d8ea664779973d60e18,unknown,True,True,True,True,False,False,False,False,False,-4.087054833855209,1.296587899658532,2.0957130498439955,1.958732607344902,0.00440188431539115,0.0053285968028419185,9.200000000000045,7.964161065179559,map_018,0
sample_a5927c45915a5889d1cd,unknown,True,True,True,True,False,False,False,False,False,-4.087054833855209,1.296587899658532,2.0957130498439955,1.958732607344902,0.00440188431539115,0.0053285968028419185,9.200000000000045,7.964161065179559,map_018,0
sample_9e9ace2e86f198fc7092,unknown,True,True,True,True,False,False,False,False,False,-4.087054833855209,1.296587899658532,2.0957130498439955,1.958732607344902,0.00440188431539115,0.0053285968028419185,9.200000000000045,7.964161065179559,map_018,0
sample_93425c46e773ab109048,five_axis,True,True,True,True,False,False,True,True,False,0.8188380228802963,0.9651120707014758,2.111843630552088,1.9359509822203596,0.0,0.0,0.0,7.423711699280602,map_019,1
sample_8a680d4bd18650a26ed5,unknown,True,True,True,True,False,False,False,False,False,0.7889389587811146,0.9189315455187832,2.1121438127578323,1.9320285010064895,0.0,0.0,0.0,7.4237162138245125,map_019,0
sample_ab1b18858b6aad92ee06,unknown,True,True,True,True,False,False,False,False,False,0.789032133239828,0.9189443760837864,2.1115195958629664,1.9302800243660703,0.0,0.0,0.0,7.42371693502432,map_019,0
sample_519728cba2d7bdfeae0e,unknown,True,True,True,True,False,False,False,False,False,1.0726201692197128,1.1224734440738577,2.1081354473853926,1.946705144901647,0.0,0.0,0.0,7.423659917973112,map_019,0
sample_182fdf2a794196bf15b9,unknown,True,True,True,True,False,False,False,False,False,0.7418876217371091,0.873995738056116,2.0664503821564466,1.9092688056219582,0.0,0.0,0.0,7.419159804827426,map_019,0
sample_42ec27b90056ff5e0868,unknown,True,True,True,True,False,False,False,False,False,0.6095536726123174,0.8854599642493902,2.0332833577194487,1.89786049963929,0.0,0.0,0.0,7.416283931871502,map_019,0
sample_84e55b770855f2d220e9,unknown,True,True,True,True,False,False,False,False,False,0.7644814652092029,0.891263345531288,2.083513284214611,1.9147959406946042,0.0,0.0,0.0,7.421995707543912,map_019,0
sample_4397b737ca50f5a653c7,unknown,True,True,True,True,False,False,False,False,False,-0.29223130613972437,-0.26403804755918525,0.5199984812634801,0.4316248097199286,0.06401303538175046,0.3230912476722533,123.20000000000005,4.8,map_019,0
sample_b0af96415d8ed39c688d,unknown,True,True,True,True,False,False,False,False,False,0.7891608891150188,0.9189736202645934,2.111540368599136,1.9272946297575106,0.0,0.0,0.0,7.423716941353727,map_019,0
sample_3b8da6914037a98350b7,unknown,True,True,True,True,False,False,False,False,False,0.7916937620976761,1.0566098056337254,2.1151056099280003,1.9512493489518494,0.0,0.0,0.0,7.417490602457709,map_019,1
sample_fdf942fe1a1d26d7d1e9,unknown,True,True,True,True,False,False,False,False,False,-0.29223130613972437,-0.26403804755918525,0.5199984812634801,0.4316248097199286,0.06401303538175046,0.3230912476722533,123.20000000000005,4.8,map_019,1
sample_47ada1933da2555c201f,unknown,True,True,True,True,False,False,False,False,False,0.6540298740816617,0.8814280175519532,2.0477885087583267,1.8262616013423565,0.0,0.0,0.0,7.422138006979159,map_019,1
sample_c44ac4e30745f7ab64a7,unknown,True,True,True,True,False,False,False,False,False,1.0774116031147207,1.1058665712858329,2.0615806111310713,1.9077383010788782,0.0,0.0,0.0,7.422005267603215,map_019,1
sample_e163819e95ebffa9b8d7,unknown,True,True,True,True,False,False,False,False,False,0.15456357849240288,0.3456354267784653,1.2055538284126086,1.2915235572371198,0.0,0.11214518380642159,47.80000000000001,7.423279142311429,map_019,1
sample_81cdc9c15f5d510f8e52,unknown,True,True,True,True,False,False,False,False,False,0.7526762478501738,0.9336969373666082,2.1130814107920277,1.9438774008204196,0.0,0.0,0.0,7.424329218827824,map_019,1
sample_dc354ceafd0a8399de62,unknown,True,True,True,True,False,False,False,False,False,0.54648498109399,0.879050885223478,1.8220077651995152,1.7187283374808033,0.0,0.0,0.0,7.415316767211011,map_019,1
sample_342efc6d323f47c27444,unknown,True,True,True,True,False,False,False,False,False,0.35255532668195944,0.9048887372418511,2.0823142386854476,1.8424674343438672,0.0,0.006054960409874243,5.400000000000006,7.41486970673691,map_019,1
sample_3cf21a3027da833922e5,five_axis,True,True,True,True,False,False,True,True,False,1.6060054112602995,1.6913196559555814,2.0732647600108773,2.0335979802226625,0.0,0.0,0.0,7.553688164358577,map_020,1
sample_899199f9bb30ad7da14f,unknown,True,True,True,True,False,False,False,False,False,1.2626268624849106,1.5347408728506193,1.911949884183325,1.8949973656230612,0.0,0.0,0.0,7.554245034013401,map_020,1
sample_bb957d95760bdf5aa347,unknown,True,True,True,True,False,False,False,False,False,1.3587695771928336,1.5771040526370503,2.0211646218285315,1.9783267273473943,0.0,0.0,0.0,7.553688149758662,map_020,1
sample_4bd3e5b8a831c36560cd,unknown,True,True,True,True,False,False,False,False,False,1.3117579724641724,1.531191577375238,2.0114748446150323,1.9656453163675798,0.0,0.0,0.0,7.5536811299510465,map_020,1
sample_6ec4094d10420391f4e2,unknown,True,True,True,True,False,False,False,False,False,-0.28718766170251797,-0.2038845297016867,0.4112976152668264,0.3419180837013898,0.12656062938258936,0.7492731315204378,264.20000000000005,4.8,map_020,1
sample_e8c0776dd4f3f879a05e,unknown,True,True,True,True,False,False,False,False,False,1.3107278235057862,1.5312381007174285,2.0114867188933245,1.9657729382365694,0.0,0.0,0.0,7.553681143227769,map_020,1
sample_921375a82a4b6a9c8be7,unknown,True,True,True,True,False,False,False,False,False,1.3107278235057862,1.5312381007174285,2.0114867188933245,1.9657729382365694,0.0,0.0,0.0,7.553681143227769,map_020,1
sample_393b68865f82ee8f4581,unknown,True,True,True,True,False,False,False,False,False,1.3807900757219849,1.6071717675261337,1.9431667880973793,1.938409041369513,0.0,0.0,0.0,7.558603016501973,map_020,1
sample_d5c4a8e91b3d75427770,five_axis,True,True,True,True,False,False,True,True,False,1.545562456644106,1.9666466250197772,2.11592674043383,2.0783570871739854,0.0,0.0,0.0,7.955940480654718,map_021,1
sample_b283b3167b21b3ccd08a,six_axis,True,True,True,True,False,False,True,True,False,1.1444323759827069,1.8632525652463146,2.1058234651002685,2.0504553541216066,0.0,0.0,0.0,7.99990488785644,map_021,0
sample_91707aee3cd7b58fa94a,six_axis,True,True,True,True,False,False,True,True,False,0.5469339889305636,1.7941829293075435,2.105528576265099,2.021950925180813,0.0,0.0,0.0,7.925495376434933,map_021,1
sample_d4af17d31abac9e4ec8b,five_axis,True,True,True,True,True,True,True,True,True,0.6961694238048457,1.2554561757547662,2.0969952528141738,1.9435361312505919,0.0,0.0,0.0,7.999988407461178,map_022,1
sample_3e15bf056b1b074b5e44,five_axis,True,True,True,True,False,False,True,True,False,-1.0691552009584506,1.8024711269246374,2.114722160919376,2.0369845661408483,0.00415591860131843,0.010318142734307825,7.934340914699305,7.999950119688439,map_022,1
sample_8729a86163945f79f015,five_axis,True,True,True,True,True,True,True,True,True,0.6961694238048457,1.2554561757547662,2.0969952528141738,1.9435361312505919,0.0,0.0,0.0,7.999988407461178,map_022,1
sample_ea89c1072be520065f53,five_axis,True,True,True,True,True,True,True,True,True,0.6961694238048457,1.2554561757547662,2.0969952528141738,1.9435361312505919,0.0,0.0,0.0,7.999988407461178,map_022,1
sample_00dfaf0f03ccde511f8a,five_axis,True,True,True,True,True,True,True,True,True,0.6961694238048457,1.2554561757547662,2.0969952528141738,1.9435361312505919,0.0,0.0,0.0,7.999988407461178,map_022,1
sample_a7e2e9e580bac9060226,five_axis,True,True,True,True,True,True,True,True,True,0.6961694238048457,1.2554561757547662,2.0969952528141738,1.9435361312505919,0.0,0.0,0.0,7.999988407461178,map_022,1
sample_3143a44e5b9881d1da3a,five_axis,True,True,True,True,True,True,True,True,True,0.6961694238048457,1.2554561757547662,2.0969952528141738,1.9435361312505919,0.0,0.0,0.0,7.999988407461178,map_022,1
sample_3a72dc34f9f964d7aa57,five_axis,True,True,True,True,True,True,True,True,True,0.6961694238048457,1.2554561757547662,2.0969952528141738,1.9435361312505919,0.0,0.0,0.0,7.999988407461178,map_022,1
sample_6d35e696453c1a3c988a,five_axis,True,True,True,True,True,True,True,True,True,0.6961694238048457,1.2554561757547662,2.0969952528141738,1.9435361312505919,0.0,0.0,0.0,7.999988407461178,map_022,1
sample_35f79e5f11d6c524f058,five_axis,True,True,True,True,True,True,True,True,True,0.6961694238048457,1.2554561757547662,2.0969952528141738,1.9435361312505919,0.0,0.0,0.0,7.999988407461178,map_022,1
sample_276a67c2e91aad3d1841,five_axis,True,True,True,True,True,True,True,True,True,0.6961694238048457,1.2554561757547662,2.0969952528141738,1.9435361312505919,0.0,0.0,0.0,7.999988407461178,map_022,1
sample_716e4a48a4d5cf30402f,five_axis,True,True,True,True,True,True,True,True,True,0.6961694238048457,1.2554561757547662,2.0969952528141738,1.9435361312505919,0.0,0.0,0.0,7.999988407461178,map_022,1
sample_1bafe73d4bdad6cd06c4,five_axis,True,True,True,True,True,True,True,True,True,0.6961694238048457,1.2554561757547662,2.0969952528141738,1.9435361312505919,0.0,0.0,0.0,7.999988407461178,map_022,1
sample_d89ab1f4227815237d8b,six_axis,True,True,True,True,False,False,True,True,False,1.5729421568796078,1.8477196400725326,2.118947055221202,2.1308068643268485,0.0,0.0,0.0,7.999549054773235,map_022,0
sample_f1f7ace6f4618f22385c,six_axis,True,True,True,True,False,False,True,True,False,1.5834859748776005,1.8604416115595113,2.1189656231708796,2.1281394898810992,0.0,0.0,0.0,7.999538607847295,map_022,0
sample_2cc30094cb2741ad4d78,six_axis,True,True,True,True,False,False,True,True,False,0.5102348664544514,1.6885828293279832,2.0291762130847317,1.9882790594108368,0.0,0.0,0.0,7.999527915595712,map_022,0
sample_e108f8af20e648c261cf,six_axis,True,True,True,True,False,False,True,True,False,0.49870489088719633,1.6917035509754452,2.028997128108185,1.9883217420820072,0.0,0.00014854426619132502,0.39999999999997726,7.999527799012168,map_022,0
sample_8dec3ff859c70ff12260,six_axis,True,True,True,True,False,False,True,True,False,0.7226266164267181,1.2195808095696095,2.1125128035220655,2.070531796012465,0.0,0.0,0.0,7.999538606710764,map_022,0
sample_069bb619f3629f725d8d,six_axis,True,True,True,True,False,False,True,True,False,0.5316898698777761,0.9481912416259147,2.0256999238454516,1.8996658321298938,0.0,0.0,0.0,7.999538622899207,map_022,0
sample_e66a7ff52fffa0801296,six_axis,True,True,True,True,False,False,True,True,False,0.5316898698777761,0.9481912416259147,2.0256999238454516,1.8996658321298938,0.0,0.0,0.0,7.999538622899207,map_022,0
sample_59c19da47498fb9ddc06,six_axis,True,True,True,True,False,False,True,True,False,0.5316898698777761,0.9481912416259147,2.0256999238454516,1.8996658321298938,0.0,0.0,0.0,7.999538622899207,map_022,0
sample_5ea3a3673cc900da36b8,six_axis,True,True,True,True,False,False,True,True,False,0.5316898698777761,0.9481912416259147,2.0256999238454516,1.8996658321298938,0.0,0.0,0.0,7.999538622899207,map_022,1
sample_6ed7b59fdc9dd5fa76fc,six_axis,True,True,True,True,False,False,True,True,False,0.40812684620783424,0.5575558215497592,2.0246324715832102,1.8375473712170984,0.0,0.034175761056863874,47.799999999999955,7.999889211968848,map_022,1
sample_4f3d49f3a672869876a0,five_axis,True,True,True,True,False,False,True,True,False,-3.046480452368629,-2.7864666615005174,0.5199999999999572,0.19021161660818073,0.1237785016286645,0.24674267100977199,60.80000000000001,4.8,map_023,0
sample_0f956988a5cf3f126c0d,six_axis,True,True,True,True,False,False,True,True,False,-0.8492327703092806,0.1935836002292267,0.6045413185799462,0.7860177997136291,0.03563636363636364,0.30618181818181817,57.19999999999999,5.999423638007831,map_023,0
sample_de1aca264daf23b5454a,six_axis,True,True,True,True,False,False,True,True,False,-0.7243182458566242,0.2020700186247449,0.6045527928382852,0.7809723164331608,0.032,0.30618181818181817,57.19999999999999,5.999423638007831,map_023,0
sample_6d4cf0e8db03899add24,six_axis,True,True,True,True,False,False,True,True,False,-0.560304274963614,-0.17590922163647615,0.6300000000009215,0.6132576383574712,0.07396870554765292,0.2233285917496444,22.19999999999999,5.999854012230319,map_023,0
sample_52e754844ea5bd7264dc,unknown,True,True,True,True,False,False,False,False,False,-4.12691713144919,-3.502573073525321,0.5199999999999421,0.07510792481573689,0.13843648208469056,0.26140065146579805,64.39999999999999,4.8,map_023,0
sample_e88a290cb61dec1f0101,unknown,True,True,True,True,False,False,False,False,False,-4.399330459193578,-4.034680067945575,0.5199999999999443,0.018803727391750125,0.14413680781758959,0.254885993485342,62.80000000000001,4.8,map_023,0
sample_13589813c5db8870c072,unknown,True,True,True,True,False,False,False,False,False,-4.106170887045931,-3.6514721448544085,0.519999999999943,0.09712240236440405,0.1278501628664495,0.1758957654723127,43.400000000000006,4.8,map_023,0
sample_e4fd1ebcb30891e56d99,unknown,True,True,True,True,False,False,False,False,False,-5.411644749841477,-4.617589869397982,0.5199955886580282,-0.0014412165961565618,0.13843648208469056,0.3355048859934853,82.60000000000001,4.8,map_023,0
sample_403bb38938b1c67d702b,unknown,True,True,True,True,False,False,False,False,False,-5.369404078641203,-4.591303974435429,0.5196343136993201,-0.022770682677853125,0.1465798045602606,0.41042345276872966,101.0,4.8,map_023,0
sample_e0aaece052a13a61e707,unknown,True,True,True,True,False,False,False,False,False,-2.7123531347899874,-2.0206739752448386,0.6290982149876317,0.8762564360246639,0.11496913580246913,0.24768518518518517,18.200000000000003,5.999280747782233,map_023,0
sample_361ed7022d3155b5c64a,unknown,True,True,True,True,False,False,False,False,False,-4.099277393168389,-3.6036553379531178,0.5199999999999421,0.06494266825000455,0.14006514657980457,0.26140065146579805,64.39999999999999,4.8,map_023,0
sample_807984b1e73b22ce97c2,unknown,True,True,True,True,False,False,False,False,False,-4.106170887045931,-3.6514721448544085,0.519999999999943,0.09712240236440405,0.1278501628664495,0.1758957654723127,43.400000000000006,4.8,map_023,0
sample_39f1c227cf0e9521ded3,unknown,True,True,True,True,False,False,False,False,False,-5.443060021567449,-4.716225446024271,0.519999999999951,0.027200644092030938,0.12866449511400652,0.18241042345276873,45.000000000000014,4.8,map_023,0
sample_c42ce4cba0d6a375347c,unknown,True,True,True,True,False,False,False,False,False,-4.243452908069841,-3.8575533887919016,0.5199999999999425,0.045923857688593785,0.14250814332247558,0.18078175895765472,44.599999999999994,4.8,map_023,0
sample_daf2f24b4f63e55b22f5,unknown,True,True,True,True,False,False,False,False,False,-4.110057757300202,-3.554578570294994,0.5199999999999421,0.0701995845685716,0.14006514657980457,0.26140065146579805,64.39999999999999,4.8,map_023,0
sample_19a054c6550d83191bfa,unknown,True,True,True,True,False,False,False,False,False,-4.168483755799359,-3.6316155509747956,0.5199290427384137,0.062195154716872654,0.12947882736156352,0.34364820846905536,84.6,4.8,map_023,0
sample_94e98848676f3a30dd31,unknown,True,True,True,True,False,False,False,False,False,-4.106170887045931,-3.6514721448544085,0.519999999999943,0.09712240236440405,0.1278501628664495,0.1758957654723127,43.400000000000006,4.8,map_023,0
sample_7c43d303c102de351a15,unknown,True,True,True,True,False,False,False,False,False,-4.159147929454111,-3.618170393558304,0.5199290427384137,0.07087784446208505,0.12947882736156352,0.34120521172638435,84.0,4.8,map_023,0
sample_34851aaad41d3797ef7f,unknown,True,True,True,True,False,False,False,False,False,-4.099277393168389,-3.6036553379531178,0.5199999999999421,0.06494266825000455,0.14006514657980457,0.26140065146579805,64.39999999999999,4.8,map_023,0
sample_cb0bf8ea0ec69b423f65,unknown,True,True,True,True,False,False,False,False,False,-4.1648766595063105,-3.6330499435707946,0.5194988246496443,0.05412678438349309,0.13029315960912052,0.38599348534201955,95.0,4.8,map_023,0
sample_e700e7996f8ac55c73a7,unknown,True,True,True,True,False,False,False,False,False,-6.3190557108676675,-4.745783134025773,0.5197382575475379,-0.18459517164029,0.1775244299674267,0.41205211726384366,101.4,4.8,map_023,0
sample_00b5e5f5e994f4be2f62,unknown,True,True,True,True,False,False,False,False,False,-4.154212345334926,-3.6169110653213976,0.5198937502733862,0.07162499281635026,0.12947882736156352,0.3501628664495114,86.2,4.8,map_023,0
sample_0b19151f31026086fe37,unknown,True,True,True,True,False,False,False,False,False,-4.106170887045931,-3.6514721448544085,0.519999999999943,0.09712240236440405,0.1278501628664495,0.1758957654723127,43.400000000000006,4.8,map_023,0
sample_37108cb5e346cb39a11c,unknown,True,True,True,True,False,False,False,False,False,-4.110057757300202,-3.554578570294994,0.5199999999999421,0.0701995845685716,0.14006514657980457,0.26140065146579805,64.39999999999999,4.8,map_023,0
sample_175e5e09d41901110265,unknown,True,True,True,True,False,False,False,False,False,-5.317871694279148,-5.216652317069741,0.519999999999943,-0.1634228625170037,0.23697068403908794,0.2776872964169381,68.39999999999999,4.8,map_023,0
sample_16e26f444f951c39f6e0,unknown,True,True,True,True,False,False,False,False,False,-4.404102737558869,-3.87882576165063,0.5199999999999443,0.03832112811761687,0.14250814332247558,0.254885993485342,62.80000000000001,4.8,map_023,0
sample_43d69045d19acc297507,unknown,True,True,True,True,False,False,False,False,False,-5.443060021567449,-4.716225446024271,0.5199999999991631,0.00725191055287633,0.12866449511400652,0.3493485342019544,86.00000000000001,4.8,map_023,0
sample_8e38b307182d823b3c8c,unknown,True,True,True,True,False,False,False,False,False,-6.015746717805033,-4.861301026477154,0.5199788659789891,-0.06773936733160905,0.16368078175895764,0.3721498371335505,91.80000000000001,4.8,map_023,0
sample_f956aca09bb069668851,unknown,True,True,True,True,False,False,False,False,False,-2.707659653016153,-2.0152379694949922,0.6291186416747179,0.8769301754302747,0.11574074074074074,0.24614197530864199,18.39999999999999,5.999288114660439,map_023,0
sample_a3d106d833f5440b5063,unknown,True,True,True,True,False,False,False,False,False,-4.740998304779362,-4.171960385759604,0.5199999999999483,-0.047101997542398105,0.1758957654723127,0.23289902280130292,57.400000000000006,4.8,map_023,0
sample_ae58db13da72b0e160e4,unknown,True,True,True,True,False,False,False,False,False,-4.106170887045931,-3.6514721448544085,0.519999999999943,0.09712240236440405,0.1278501628664495,0.1758957654723127,43.400000000000006,4.8,map_023,0
sample_1c1379c6246d13cd9b25,unknown,True,True,True,True,False,False,False,False,False,-5.443060021567449,-4.716225446024271,0.5199999999992049,0.018825309953868857,0.12866449511400652,0.3273615635179153,80.60000000000001,4.8,map_023,0
sample_5dfb9443f43b330bec24,unknown,True,True,True,True,False,False,False,False,False,-4.1648766595063105,-3.6330499435707946,0.5194988246496443,0.05412678438349309,0.13029315960912052,0.38599348534201955,95.0,4.8,map_023,0
sample_caf0c31d08373f6d21d3,unknown,True,True,True,True,False,False,False,False,False,-2.4334352191077397,-1.6910417383852687,0.6292320069509509,0.8752289705632645,0.12451662799690642,0.2691415313225058,42.20000000000002,5.9993033603467065,map_023,0
sample_5e1424659e2339326a9e,unknown,True,True,True,True,False,False,False,False,False,-4.106170887045931,-3.6514721448544085,0.519999999999943,0.09712240236440405,0.1278501628664495,0.1758957654723127,43.400000000000006,4.8,map_023,0
sample_d3ab28d7c43183f0c7d8,unknown,True,True,True,True,False,False,False,False,False,-5.443060021567449,-4.716225446024271,0.519999999999951,0.027200644092030938,0.12866449511400652,0.18241042345276873,45.000000000000014,4.8,map_023,0
sample_90312cc52926b8a285d4,unknown,True,True,True,True,False,False,False,False,False,-4.12691713144919,-3.502573073525321,0.5199999999999421,0.07510792481573689,0.13843648208469056,0.26140065146579805,64.39999999999999,4.8,map_023,0
sample_aac475ad09ef27cf790d,unknown,True,True,True,True,False,False,False,False,False,-4.106170887045931,-3.6514721448544085,0.519999999999943,0.09712240236440405,0.1278501628664495,0.1758957654723127,43.400000000000006,4.8,map_023,0
sample_52da941d9e0c79fa5e10,unknown,True,True,True,True,False,False,False,False,False,-4.1613119366607965,-3.62775815212341,0.5198931040383671,0.063984684382716,0.13029315960912052,0.3509771986970684,86.40000000000002,4.8,map_023,0
sample_640e88b607baeb8e9628,unknown,True,True,True,True,False,False,False,False,False,-2.7062399452464527,-2.021359089149597,0.6291092411652772,0.8765464058249057,0.11496913580246913,0.24845679012345678,18.200000000000003,5.999267723289384,map_023,0
sample_0fdb7f02649516a671f4,unknown,True,True,True,True,False,False,False,False,False,-5.443060021567449,-4.716225446024271,0.519999999999951,0.027200644092030938,0.12866449511400652,0.18241042345276873,45.000000000000014,4.8,map_023,0
sample_0958e812dab6701413f5,unknown,True,True,True,True,False,False,False,False,False,-4.1648766595063105,-3.6330499435707946,0.5194988246496443,0.05412678438349309,0.13029315960912052,0.38599348534201955,95.0,4.8,map_023,0
sample_75eb9843e0ec02140a44,unknown,True,True,True,True,False,False,False,False,False,-4.1648766595063105,-3.6330499435707946,0.5194988246496443,0.05412678438349309,0.13029315960912052,0.38599348534201955,95.0,4.8,map_023,1
sample_99ec25bcace388d7dc87,unknown,True,True,True,True,False,False,False,False,False,-4.1648766595063105,-3.6330499435707946,0.5194988246496443,0.05412678438349309,0.13029315960912052,0.38599348534201955,95.0,4.8,map_023,1
sample_5cc4df557b60feb36720,unknown,True,True,True,True,False,False,False,False,False,-4.1648766595063105,-3.6330499435707946,0.5195759916082073,0.0561850487977698,0.13029315960912052,0.3721498371335505,91.60000000000002,4.8,map_023,1
sample_8fcdc4c9400ae0b40817,unknown,True,True,True,True,False,False,False,False,False,-4.173940171152504,-3.6383431700108715,0.5194988246496443,0.0528840435864515,0.13029315960912052,0.38680781758957655,95.19999999999999,4.8,map_023,1
sample_9322b9d5fe65ef3ac225,unknown,True,True,True,True,False,False,False,False,False,-4.1648766595063105,-3.6330499435707946,0.5194988246496443,0.05412678438349309,0.13029315960912052,0.38599348534201955,95.0,4.8,map_023,1
sample_c32b62625787ed8548f4,unknown,True,True,True,True,False,False,False,False,False,-4.1648766595063105,-3.6330499435707946,0.5194988246496443,0.05412678438349309,0.13029315960912052,0.38599348534201955,95.0,4.8,map_023,1
sample_8dc2ec61aa3270d92700,unknown,True,True,True,True,False,False,False,False,False,-4.1648766595063105,-3.6330499435707946,0.5194988246496443,0.05412678438349309,0.13029315960912052,0.38599348534201955,95.0,4.8,map_023,1
sample_c1381d01f286df2ee7d9,five_axis,True,True,True,True,True,True,True,True,True,0.2585613859863173,0.48748178413316573,0.9936508571354812,1.2444696755711355,0.0,0.05822498586772187,18.15395935103017,5.990699684988375,map_024,0
sample_894262a5c2edca3a4e6f,five_axis,True,True,True,True,False,False,True,True,False,0.43025222721797896,0.43228651974845,0.6302037817246247,1.1697711292801913,0.0,0.14356435643564355,21.0,5.904943345025107,map_024,0
sample_45e8e7cd9a139dbf0cff,five_axis,True,True,True,True,True,True,True,True,True,0.2585613859863173,0.48748178413316573,0.9936508571354812,1.2444696755711355,0.0,0.05822498586772187,18.15395935103017,5.990699684988375,map_024,0
sample_8726556fd05b2d21b297,five_axis,True,True,True,True,True,True,True,True,True,0.2585613859863173,0.48748178413316573,0.9936508571354812,1.2444696755711355,0.0,0.05822498586772187,18.15395935103017,5.990699684988375,map_024,1
sample_c20bb28b1aae590953be,six_axis,True,True,True,True,False,False,True,True,False,-3.704301999964949,-0.17463419304378897,0.18315515909128077,0.2264482306476259,0.17174959871589085,0.7447833065810594,179.60000000000002,5.871747479985686,map_024,0
sample_87023d95fae2cfbe76b0,five_axis,True,True,True,True,False,False,True,True,False,0.37468324906729444,0.5201083560571895,1.6251646393759636,1.7159763660070255,0.0,0.019650655021834062,5.599999999999994,4.999772866598785,map_025,0
sample_181e099d2dd8d7219d27,six_axis,True,True,True,True,False,False,True,True,False,0.37468324906729444,0.5201083560571895,1.6251646393759636,1.7159763660070255,0.0,0.019650655021834062,5.599999999999994,4.999772866598785,map_025,0
sample_127164b491800b0969ff,six_axis,True,True,True,True,False,False,True,True,False,-0.8777671121049284,-0.21205944238235647,1.060558495269308,1.2082101013193243,0.10164679159568427,0.24077228847245882,27.793691202470256,5.012999696906413,map_025,0
sample_0759268263cdc5ce10c7,five_axis,True,True,True,True,True,True,True,True,True,-1.9222966788565765,-0.9201799214685318,0.9903381983416479,1.0256742442242672,0.16695059625212946,0.3185689948892675,53.809759151324016,5.012999696906413,map_025,1
sample_36dbc890c0019f75b4b3,five_axis,True,True,True,True,True,True,True,True,True,-1.9222966788565765,-0.9201799214685318,0.9903381983416479,1.0256742442242672,0.16695059625212946,0.3185689948892675,53.809759151324016,5.012999696906413,map_025,1
sample_6e22eefecfa03e7bd0dd,six_axis,True,True,True,True,False,False,False,False,False,0.019399096529207266,0.15074777069505707,2.4760336595278694,1.9240036193512262,0.0,0.21241258741258742,21.200660786226763,0.0,map_016,1
sample_7492197e2212e6af4154,six_axis,True,True,True,True,False,False,False,False,False,-1.9222966788565765,-0.9201799214685318,0.9903381983416479,1.0256742442242672,0.16695059625212946,0.3185689948892675,59.99777760571101,5.012999696906413,map_025,0
sample_d3224bda812d7b5295e4,six_axis,True,True,True,True,False,False,False,False,False,-1.9222966788565765,-0.9201799214685318,0.9903381983416479,1.0256742442242672,0.16695059625212946,0.3185689948892675,59.99777760571101,5.012999696906413,map_025,0
