sample_id,route_file_sha256,map_id,vehicle_structure,match_method,sha256_verified,npz_readable,feature_row_included,numeric_feature_count,missing_numeric_feature_count,fallback_or_derived_count,feature_missing_reason,source_arrays_used,finite_numeric_features,source_machine
PG-SHANYU000-01ceb4d030f51a16,01ceb4d030f51a16958b5ef781e78538e8d5f7d20d5443d4c36e4728a46c573a,narrow_4,five_axis_explicit,route_file_sha256,true,true,true,55,0,2,steer_ff_rad:used_beta_ref_rad;yaw_rate_ref_radps:derived_from_yaw_per_m_and_speed,"[""beta_ref_rad"",""dkappa_ds_1pm2"",""kappa_1pm"",""left_clearance_m"",""right_clearance_m"",""s_m"",""v_profile_mps"",""yaw_per_m_ref_1pm"",""z_m""]",true,SHANYU000_local
PG-SHANYU000-07775005aa964d84,07775005aa964d84321e46864e92c1e4af48b71ab3f2a590edcf9438342aea98,cliff_3,five_axis_explicit,route_file_sha256,true,true,true,55,0,2,steer_ff_rad:used_beta_ref_rad;yaw_rate_ref_radps:derived_from_yaw_per_m_and_speed,"[""beta_ref_rad"",""dkappa_ds_1pm2"",""kappa_1pm"",""left_clearance_m"",""right_clearance_m"",""s_m"",""v_profile_mps"",""yaw_per_m_ref_1pm"",""z_m""]",true,SHANYU000_local
PG-SHANYU000-0f557750e4e0d4e8,0f557750e4e0d4e824c89a2c5283b0a6bacae63bb5493cb4616fd2074c23b7f3,cliff_6,five_axis_explicit,route_file_sha256,true,true,true,55,0,2,steer_ff_rad:used_beta_ref_rad;yaw_rate_ref_radps:derived_from_yaw_per_m_and_speed,"[""beta_ref_rad"",""dkappa_ds_1pm2"",""kappa_1pm"",""left_clearance_m"",""right_clearance_m"",""s_m"",""v_profile_mps"",""yaw_per_m_ref_1pm"",""z_m""]",true,SHANYU000_local
PG-SHANYU000-1266a7e4ee68b5c8,1266a7e4ee68b5c8ce3fe606adc85c974eec8c17b045bfeac43fc33a864e8074,narrow_1,six_axis_structural,route_file_sha256,true,true,true,55,0,0,,"[""dkappa_ds_1pm2"",""kappa_1pm"",""left_clearance_m"",""right_clearance_m"",""s_m"",""steer_ff_rad"",""v_profile_mps"",""yaw_rate_ref_radps"",""z_m""]",true,SHANYU000_local
PG-SHANYU000-250b207fe1290aa9,250b207fe1290aa927408af5427cf6e86d1cff6cfab66a1470f1524754e12f8f,cliff_1,five_axis_explicit,route_file_sha256,true,true,true,55,0,2,steer_ff_rad:used_beta_ref_rad;yaw_rate_ref_radps:derived_from_yaw_per_m_and_speed,"[""beta_ref_rad"",""dkappa_ds_1pm2"",""kappa_1pm"",""left_clearance_m"",""right_clearance_m"",""s_m"",""v_profile_mps"",""yaw_per_m_ref_1pm"",""z_m""]",true,SHANYU000_local
PG-SHANYU000-364301c2a9eabef2,364301c2a9eabef2be52e3a623144cdad87454f93e9c75541523b9cc885d0e90,overpass_1,five_axis_explicit,route_file_sha256,true,true,true,55,0,2,steer_ff_rad:used_beta_ref_rad;yaw_rate_ref_radps:derived_from_yaw_per_m_and_speed,"[""beta_ref_rad"",""dkappa_ds_1pm2"",""kappa_1pm"",""left_clearance_m"",""right_clearance_m"",""s_m"",""v_profile_mps"",""yaw_per_m_ref_1pm"",""z_m""]",true,SHANYU000_local
PG-SHANYU000-3c67efb459a865b1,3c67efb459a865b10dfef69caed11409258bb2b05f74cea10ca967212ce06dfb,mounarea_2,five_axis_explicit,route_file_sha256,true,true,true,55,0,2,steer_ff_rad:used_beta_ref_rad;yaw_rate_ref_radps:derived_from_yaw_per_m_and_speed,"[""beta_ref_rad"",""dkappa_ds_1pm2"",""kappa_1pm"",""left_clearance_m"",""right_clearance_m"",""s_m"",""v_profile_mps"",""yaw_per_m_ref_1pm"",""z_m""]",true,SHANYU000_local
PG-SHANYU000-3eb406eba77b6377,3eb406eba77b6377da2cd9cfe753bbf8310bdfbbe5702a07af641a2127be5182,mounarea_6,five_axis_explicit,route_file_sha256,true,true,true,55,0,2,steer_ff_rad:used_beta_ref_rad;yaw_rate_ref_radps:derived_from_yaw_per_m_and_speed,"[""beta_ref_rad"",""dkappa_ds_1pm2"",""kappa_1pm"",""left_clearance_m"",""right_clearance_m"",""s_m"",""v_profile_mps"",""yaw_per_m_ref_1pm"",""z_m""]",true,SHANYU000_local
PG-SHANYU000-5618f7d508ec6ef2,5618f7d508ec6ef255e472cf093b45dd830e886b60bb384453493cb1d261ebe6,cliff_2,five_axis_explicit,route_file_sha256,true,true,true,55,0,2,steer_ff_rad:used_beta_ref_rad;yaw_rate_ref_radps:derived_from_yaw_per_m_and_speed,"[""beta_ref_rad"",""dkappa_ds_1pm2"",""kappa_1pm"",""left_clearance_m"",""right_clearance_m"",""s_m"",""v_profile_mps"",""yaw_per_m_ref_1pm"",""z_m""]",true,SHANYU000_local
PG-SHANYU000-5dfc4fa9d2ac2c08,5dfc4fa9d2ac2c08a7ffd6121909433816c58d9b5aa2da520ea3db4b47de5d9a,ramp_1,five_axis_explicit,route_file_sha256,true,true,true,55,0,2,steer_ff_rad:used_beta_ref_rad;yaw_rate_ref_radps:derived_from_yaw_per_m_and_speed,"[""beta_ref_rad"",""dkappa_ds_1pm2"",""kappa_1pm"",""left_clearance_m"",""right_clearance_m"",""s_m"",""v_profile_mps"",""yaw_per_m_ref_1pm"",""z_m""]",true,SHANYU000_local
PG-SHANYU000-65a3b2f01701d6ab,65a3b2f01701d6abb7846340512658fb4839956b6d35599d2235ba197cdc3181,RoadC,five_axis_explicit,route_file_sha256,true,true,true,55,0,2,steer_ff_rad:used_beta_ref_rad;yaw_rate_ref_radps:derived_from_yaw_per_m_and_speed,"[""beta_ref_rad"",""dkappa_ds_1pm2"",""kappa_1pm"",""left_clearance_m"",""right_clearance_m"",""s_m"",""v_profile_mps"",""yaw_per_m_ref_1pm"",""z_m""]",true,SHANYU000_local
PG-SHANYU000-749542bdaadd6d09,749542bdaadd6d096fa688764548706ab42091fc1ee63a8031a2a21523bec176,cross_2,five_axis_explicit,route_file_sha256,true,true,true,55,0,2,steer_ff_rad:used_beta_ref_rad;yaw_rate_ref_radps:derived_from_yaw_per_m_and_speed,"[""beta_ref_rad"",""dkappa_ds_1pm2"",""kappa_1pm"",""left_clearance_m"",""right_clearance_m"",""s_m"",""v_profile_mps"",""yaw_per_m_ref_1pm"",""z_m""]",true,SHANYU000_local
PG-SHANYU000-87c700de4d844f0d,87c700de4d844f0dab98a8264f1c27e01d3cbe3aa573d02faf802f79177ca94f,overpass_2,five_axis_explicit,route_file_sha256,true,true,true,55,0,2,steer_ff_rad:used_beta_ref_rad;yaw_rate_ref_radps:derived_from_yaw_per_m_and_speed,"[""beta_ref_rad"",""dkappa_ds_1pm2"",""kappa_1pm"",""left_clearance_m"",""right_clearance_m"",""s_m"",""v_profile_mps"",""yaw_per_m_ref_1pm"",""z_m""]",true,SHANYU000_local
PG-SHANYU000-8e98bf755307f34d,8e98bf755307f34db873c9ca82893c9b8c4c9873ae3ff8b58c75d2ccaac72c3f,mounarea_1,five_axis_explicit,route_file_sha256,true,true,true,55,0,2,steer_ff_rad:used_beta_ref_rad;yaw_rate_ref_radps:derived_from_yaw_per_m_and_speed,"[""beta_ref_rad"",""dkappa_ds_1pm2"",""kappa_1pm"",""left_clearance_m"",""right_clearance_m"",""s_m"",""v_profile_mps"",""yaw_per_m_ref_1pm"",""z_m""]",true,SHANYU000_local
PG-SHANYU000-96eea82316d669ce,96eea82316d669ce7e25f625e7527734226476fed12e79de10945018cff32cd3,ramp_6,five_axis_explicit,route_file_sha256,true,true,true,55,0,0,,"[""dkappa_ds_1pm2"",""kappa_1pm"",""left_clearance_m"",""right_clearance_m"",""s_m"",""steer_ff_rad"",""v_profile_mps"",""yaw_rate_ref_radps"",""z_m""]",true,SHANYU000_local
PG-SHANYU000-9b865d34114e5806,9b865d34114e58062de6cd535a8745aa86c73d8b6c4546b3451aa878239b8bb5,cross_3,six_axis_structural,route_file_sha256,true,true,true,55,0,0,,"[""dkappa_ds_1pm2"",""kappa_1pm"",""left_clearance_m"",""right_clearance_m"",""s_m"",""steer_ff_rad"",""v_profile_mps"",""yaw_rate_ref_radps"",""z_m""]",true,SHANYU000_local
PG-SHANYU000-a2c28197723f0ec6,a2c28197723f0ec6a4cb2769551525e127a4e1c104bbefc109c876b4adddc1bd,turnaround_4,six_axis_explicit,route_file_sha256,true,true,true,55,0,0,,"[""dkappa_ds_1pm2"",""kappa_1pm"",""left_clearance_m"",""right_clearance_m"",""s_m"",""steer_ff_rad"",""v_profile_mps"",""yaw_rate_ref_radps"",""z_m""]",true,SHANYU000_local
PG-SHANYU000-d070ecb1b1784582,d070ecb1b17845828c86995f1e22d988dec6da2e58739fe0e35a1f7fcd34072e,cross_4,six_axis_structural,route_file_sha256,true,true,true,55,0,1,speed_abs_curvature_correlation:constant_input_set_to_zero,"[""dkappa_ds_1pm2"",""kappa_1pm"",""left_clearance_m"",""right_clearance_m"",""s_m"",""steer_ff_rad"",""v_profile_mps"",""yaw_rate_ref_radps"",""z_m""]",true,SHANYU000_local
PG-SHANYU000-dd3d1bbf19b7d0f8,dd3d1bbf19b7d0f8f34631f94f79009d1bbd963498c7dd3b014f0506a1c89866,mounarea_3,five_axis_explicit,route_file_sha256,true,true,true,55,0,2,steer_ff_rad:used_beta_ref_rad;yaw_rate_ref_radps:derived_from_yaw_per_m_and_speed,"[""beta_ref_rad"",""dkappa_ds_1pm2"",""kappa_1pm"",""left_clearance_m"",""right_clearance_m"",""s_m"",""v_profile_mps"",""yaw_per_m_ref_1pm"",""z_m""]",true,SHANYU000_local
PG-SHANYU000-e5a441095d278e57,e5a441095d278e574c36c004fa0dc3f54d63ba10ada39f59384742d4d04b1fe9,turnaround_1,five_axis_explicit,route_file_sha256,true,true,true,55,0,2,steer_ff_rad:used_beta_ref_rad;yaw_rate_ref_radps:derived_from_yaw_per_m_and_speed,"[""beta_ref_rad"",""dkappa_ds_1pm2"",""kappa_1pm"",""left_clearance_m"",""right_clearance_m"",""s_m"",""v_profile_mps"",""yaw_per_m_ref_1pm"",""z_m""]",true,SHANYU000_local
PG-SHANYU000-e92ab34ca50f7ab5,e92ab34ca50f7ab53e5a2afc6590e90a085bff4ed9a57ac1640d897e60d240df,ramp_2,five_axis_explicit,route_file_sha256,true,true,true,55,0,2,steer_ff_rad:used_beta_ref_rad;yaw_rate_ref_radps:derived_from_yaw_per_m_and_speed,"[""beta_ref_rad"",""dkappa_ds_1pm2"",""kappa_1pm"",""left_clearance_m"",""right_clearance_m"",""s_m"",""v_profile_mps"",""yaw_per_m_ref_1pm"",""z_m""]",true,SHANYU000_local
PG-SHANYU000-ebc45237166654ef,ebc45237166654efe2c45e416742d943b42e38fac326155542573d3314762070,cross_1,five_axis_explicit,route_file_sha256,true,true,true,55,0,2,steer_ff_rad:used_beta_ref_rad;yaw_rate_ref_radps:derived_from_yaw_per_m_and_speed,"[""beta_ref_rad"",""dkappa_ds_1pm2"",""kappa_1pm"",""left_clearance_m"",""right_clearance_m"",""s_m"",""v_profile_mps"",""yaw_per_m_ref_1pm"",""z_m""]",true,SHANYU000_local
PG-SHANYU000-ed82f3f5dcfaac0b,ed82f3f5dcfaac0baac8ba7ea922c171d4094de3b40c27341fc2a52aab612668,turnaround_2,six_axis_structural,route_file_sha256,true,true,true,55,0,1,speed_abs_curvature_correlation:constant_input_set_to_zero,"[""dkappa_ds_1pm2"",""kappa_1pm"",""left_clearance_m"",""right_clearance_m"",""s_m"",""steer_ff_rad"",""v_profile_mps"",""yaw_rate_ref_radps"",""z_m""]",true,SHANYU000_local
PG-SHANYU000-f7a671e269ae4228,f7a671e269ae4228f217fa1ed15f745e9e19e61fa617d641e6bac197357cf9d6,ramp_3,five_axis_explicit,route_file_sha256,true,true,true,55,0,2,steer_ff_rad:used_beta_ref_rad;yaw_rate_ref_radps:derived_from_yaw_per_m_and_speed,"[""beta_ref_rad"",""dkappa_ds_1pm2"",""kappa_1pm"",""left_clearance_m"",""right_clearance_m"",""s_m"",""v_profile_mps"",""yaw_per_m_ref_1pm"",""z_m""]",true,SHANYU000_local
