sample_id,route_file_sha256,map_id,route_id,label_status,true_label,vehicle_structure,vehicle_structure_evidence,vehicle_axis_count,source_machine,match_status,vehicle_configuration_fingerprint_summary,feature_version,feature_source,feature_missing_reason,route_length_m,point_count,sampling_spacing_mean_m,sampling_spacing_median_m,sampling_spacing_p95_m,curvature_mean_1pm,curvature_abs_mean_1pm,curvature_abs_max_1pm,curvature_abs_p50_1pm,curvature_abs_p90_1pm,curvature_abs_p95_1pm,curvature_abs_p99_1pm,curvature_change_abs_mean_1pm2,curvature_change_abs_max_1pm2,curvature_change_abs_p95_1pm2,slope_mean,slope_abs_mean,slope_abs_max,slope_abs_p95,slope_change_abs_mean_1pm,slope_change_abs_max_1pm,slope_change_abs_p95_1pm,speed_mean_mps,speed_max_mps,speed_p50_mps,speed_p90_mps,speed_p95_mps,speed_abs_curvature_product_mean_mpspm,speed_abs_curvature_product_p95_mpspm,lateral_accel_proxy_mean_mps2,lateral_accel_proxy_max_mps2,lateral_accel_proxy_p95_mps2,speed_abs_curvature_correlation,steer_abs_mean_rad,steer_abs_max_rad,steer_abs_p50_rad,steer_abs_p90_rad,steer_abs_p95_rad,steer_change_abs_mean_radpm,steer_change_abs_max_radpm,steer_change_abs_p95_radpm,yaw_rate_abs_mean_radps,yaw_rate_abs_max_radps,yaw_rate_abs_p95_radps,yaw_rate_change_abs_mean_radps_per_m,yaw_rate_change_abs_max_radps_per_m,yaw_rate_change_abs_p95_radps_per_m,static_left_clearance_min_m,static_right_clearance_min_m,static_boundary_clearance_min_m,window10m_max_mean_abs_curvature_1pm,window10m_max_mean_abs_steer_change_radpm,window10m_min_mean_left_clearance_m,window10m_min_mean_right_clearance_m,steering_source_dim
PG-SHANYU000-01ceb4d030f51a16,01ceb4d030f51a16958b5ef781e78538e8d5f7d20d5443d4c36e4728a46c573a,narrow_4,narrow_4,labeled,0,five_axis,explicit,5,SHANYU000_local,v3_exact_match,4ec13c407273a370,pathguard_preexec_v2.0.0,npz_pre_execution_arrays_only,steer_ff_rad:used_beta_ref_rad;yaw_rate_ref_radps:derived_from_yaw_per_m_and_speed,228.0047672835792,1148,0.19878358089239687,0.2006240232975074,0.20614298740826484,-0.0006805182021690406,0.01760831378417765,0.06757566054210429,0.009884522812416585,0.04528205804209908,0.05262650151146072,0.065005543095782,0.0016239326582655057,0.013172253788276092,0.004814112383247572,0.0,0.0,0.0,0.0,0.0,0.0,0.0,6.0951425504324375,14.419354575270448,4.5,11.26157117732946,12.967180195633532,0.08021728748667846,0.23681925680157326,0.3731608178175819,1.3684071259776118,1.0656866556070796,-0.508536143974256,0.07670746105596515,0.33647966931127127,0.04105988023371333,0.20350843498218307,0.23954557413668232,0.010134500152350234,0.04627086695899807,0.03255784531241027,0.09198543993403566,0.34188349630610215,0.2854839566386079,0.011690571121543406,0.1877627769333441,0.03495392895695268,1.4999025349203885,1.8206169870677558,1.4999025349203885,0.06005944058686389,0.039968791288897826,1.605208630727498,1.895979776321044,1
PG-SHANYU000-07775005aa964d84,07775005aa964d84321e46864e92c1e4af48b71ab3f2a590edcf9438342aea98,cliff_3,cliff_3,labeled,0,five_axis,explicit,5,SHANYU000_local,v3_exact_match,4ec13c407273a370,pathguard_preexec_v2.0.0,npz_pre_execution_arrays_only,steer_ff_rad:used_beta_ref_rad;yaw_rate_ref_radps:derived_from_yaw_per_m_and_speed,230.01593702547726,1156,0.19914799742465564,0.20080101863914024,0.2008313722485653,0.004470999734269625,0.006471944688430419,0.028583428748617534,0.005098144611638698,0.007968548785458805,0.01952224958123688,0.02723490530877259,0.0005599447484470473,0.00964596496311276,0.005085422118299119,0.0,0.0,0.0,0.0,0.0,0.0,0.0,23.301817782706774,29.094013399024224,25.56433353950858,29.093696282808263,29.093933806536732,0.13166624671094748,0.17130778945371283,3.139906343502742,5.417021122383889,4.3138731481370165,-0.6345879865996531,0.0,0.0,0.0,0.0,0.0,0.0,0.0,0.0,0.13166624671094748,0.3630287692080732,0.17130778945371283,0.006048189184962431,0.157297728445438,0.04451209943045399,3.9223056740996123,5.083231461392245,3.9223056740996123,0.021074738797786048,0.0,4.194557388752578,5.094285812018412,1
PG-SHANYU000-0f557750e4e0d4e8,0f557750e4e0d4e824c89a2c5283b0a6bacae63bb5493cb4616fd2074c23b7f3,cliff_6,cliff_6,labeled,0,five_axis,explicit,5,SHANYU000_local,v3_exact_match,4ec13c407273a370,pathguard_preexec_v2.0.0,npz_pre_execution_arrays_only,steer_ff_rad:used_beta_ref_rad;yaw_rate_ref_radps:derived_from_yaw_per_m_and_speed,273.6937347197567,1373,0.1994852293875778,0.20092209539571826,0.20093171977120505,-0.0001643678347887932,0.002768560547624225,0.044128766625614574,0.00198153595114043,0.007421952670051574,0.010226678455355747,0.021278925367048646,0.0003542714500636721,0.023249390928101184,0.0007593533669783973,0.0,0.0,0.0,0.0,0.0,0.0,0.0,32.14698479118028,42.579518406654536,36.55582554514533,40.93865350344931,41.59392775129925,0.059340689044116476,0.17661404265504446,1.733322947620474,4.935361071421358,3.61478861700928,-0.6534603333679365,0.0,0.0,0.0,0.0,0.0,0.0,0.0,0.0,0.10951654090768632,5.112809634502707,0.21375890827077249,0.03349693233761905,2.91977258161036,0.019885181477223995,5.72853532620383,5.436265406248851,5.436265406248851,0.04200247053042875,0.0,5.732498499117373,5.443068256408842,1
PG-SHANYU000-1266a7e4ee68b5c8,1266a7e4ee68b5c8ce3fe606adc85c974eec8c17b045bfeac43fc33a864e8074,narrow_1,narrow_1,labeled,1,six_axis,structural_inference,6,SHANYU000_local,v3_exact_match,derived-5c9367c4e69a233f,pathguard_preexec_v2.0.0,npz_pre_execution_arrays_only,,49.94271775080661,251,0.19977087100322644,0.1999999999999993,0.20000000000000284,-5.277925205027986e-08,0.008982457362095317,0.041167007899643025,3.435625466377714e-07,0.03591267918192219,0.03921487449236712,0.040908002719477136,0.004083741672967196,0.04707104829111749,0.014082280076143688,0.0,0.0,0.0,0.0,0.0,0.0,0.0,8.680476416511548,13.363095587771523,9.542352067967146,12.143003198440624,12.765619360262246,0.05923554905463636,0.2616546867693359,0.4142945174726659,2.0123025485146124,1.8187095006137963,-0.4702744507802354,0.0,0.0,0.0,0.0,0.0,0.0,0.0,0.0,0.056606941827070496,0.2739328270861712,0.2616546867693359,0.02562018072327357,0.14502838273648527,0.08809843951242882,2.4,2.4,2.4,0.027697307518436104,0.0,2.3999999999999773,2.3999999999999773,12
PG-SHANYU000-250b207fe1290aa9,250b207fe1290aa927408af5427cf6e86d1cff6cfab66a1470f1524754e12f8f,cliff_1,cliff_1,labeled,1,five_axis,explicit,5,SHANYU000_local,v3_exact_match,a4761dbb8643e682,pathguard_preexec_v2.0.0,npz_pre_execution_arrays_only,steer_ff_rad:used_beta_ref_rad;yaw_rate_ref_radps:derived_from_yaw_per_m_and_speed,135.27445151053655,678,0.1998145517142342,0.20000000000000284,0.20000000000000284,0.001753131523087325,0.0035768767486880617,0.03594656129862446,0.0022017382184729376,0.007185429342553032,0.007686123910058645,0.03223524704847875,0.000789187805865562,0.02334395380483214,0.0034100074010893614,0.0,0.0,0.0,0.0,0.0,0.0,0.0,17.5041787635482,26.854883655558208,18.46743993882105,25.323353946203667,26.10110206167873,0.05113626066640064,0.13571353517816298,0.8382143955010969,2.6256074367722135,2.421406149809436,-0.3533376679295183,0.0,0.0,0.0,0.0,0.0,0.0,0.0,0.0,0.05113626066640064,0.302335852093351,0.13571353517816298,0.009707241361169969,0.12566651858143812,0.0339139885509403,4.6185767628921175,4.478909838477818,4.478909838477818,0.013692652540139303,0.0,4.935715563448605,4.690348625440671,1
PG-SHANYU000-364301c2a9eabef2,364301c2a9eabef2be52e3a623144cdad87454f93e9c75541523b9cc885d0e90,overpass_1,overpass_1,labeled,0,five_axis,explicit,5,SHANYU000_local,v3_exact_match,a4761dbb8643e682,pathguard_preexec_v2.0.0,npz_pre_execution_arrays_only,steer_ff_rad:used_beta_ref_rad;yaw_rate_ref_radps:derived_from_yaw_per_m_and_speed,2055.307834979337,10278,0.19999103191391815,0.20000000000004547,0.20000000000004547,-0.0013081741683377331,0.004894353277117277,0.34360687497489406,0.001785791050323171,0.012585118466589244,0.013570131722670364,0.04665382548474514,0.0005903940061408601,0.8284523333852593,0.0010188178475506351,0.004693189785566831,0.006836504011071659,0.15080136315037862,0.09991303891184326,0.00023555262399067801,0.21722177469607862,8.469367807073455e-07,27.794465685857755,53.07367702351438,26.736276468726395,40.78060147821465,46.868694745587874,0.090587196507456,0.2643946092906779,1.911090837803856,6.9889981976768425,5.094732607084849,-0.5037495936157167,0.0,0.0,0.0,0.0,0.0,0.0,0.0,0.0,0.090587196507456,1.549667006136772,0.2643946092906779,0.005546629625725872,3.7347944338751984,0.01808560269972611,3.1447184689688514,3.9951393378403046,3.1447184689688514,0.046804936273491735,0.0,3.371882216733402,3.9951393378403046,1
PG-SHANYU000-3c67efb459a865b1,3c67efb459a865b10dfef69caed11409258bb2b05f74cea10ca967212ce06dfb,mounarea_2,mounarea_2,labeled,0,five_axis,explicit,5,SHANYU000_local,v3_exact_match,a4761dbb8643e682,pathguard_preexec_v2.0.0,npz_pre_execution_arrays_only,steer_ff_rad:used_beta_ref_rad;yaw_rate_ref_radps:derived_from_yaw_per_m_and_speed,469.63519716139587,2350,0.19992984127773344,0.19999999999998863,0.20000000000004547,0.0035475785790867443,0.006249776590756599,0.023205480102414626,0.005626466260554897,0.0136771102594796,0.018410526647640618,0.02275296651140026,0.0002711471820250501,0.009590802823452645,0.0004950536434543377,0.03901303004337631,0.06637708006799957,0.3593844325230293,0.09798179495448878,0.003297385926097197,2.2158950627479825,0.003964710852429303,22.793058386957632,34.23887320673227,22.636895200365807,30.043047842929354,32.11642376030539,0.1256017775354149,0.3145899138264712,2.6180668364044175,5.440775823895597,5.376044933837719,-0.5747825019987954,0.0,0.0,0.0,0.0,0.0,0.0,0.0,0.0,0.1256017775354149,0.3551372185717759,0.3145899138264712,0.00455504474573808,0.12085649219993178,0.009939439092330766,4.821645552771,4.713003391866791,4.713003391866791,0.02258860585422366,0.0,4.981439901207434,4.7228620471334954,1
PG-SHANYU000-3eb406eba77b6377,3eb406eba77b6377da2cd9cfe753bbf8310bdfbbe5702a07af641a2127be5182,mounarea_6,mounarea_6,labeled,0,five_axis,explicit,5,SHANYU000_local,v3_exact_match,4ec13c407273a370,pathguard_preexec_v2.0.0,npz_pre_execution_arrays_only,steer_ff_rad:used_beta_ref_rad;yaw_rate_ref_radps:derived_from_yaw_per_m_and_speed,1083.530896404707,5424,0.19980285753359892,0.19994455547009693,0.20006947659851448,-0.004180923296275599,0.006157851170942098,0.031626747211942,0.0033442736765011472,0.016660288978524763,0.018714518418411024,0.02985221595030877,0.00022488248132181648,0.0033221967073962496,0.0011511400771632018,-0.0467650918369683,0.21611552639167117,466.9988417051766,0.0,1.4187661593182181,2543.804238462322,0.0,22.52632585513544,45.248742663261446,19.660344374315468,39.1860647976613,41.965341566826176,0.09691355189091037,0.2940773112218895,1.720358225287468,5.499103523138156,4.881278486536167,-0.5925077541698551,0.0,0.0,0.0,0.0,0.0,0.0,0.0,0.0,0.09691355189091037,0.410067769018714,0.2940773112218895,0.0034442305383989486,0.08203372878327075,0.015752592513020896,4.726559644358524,4.434850585763018,4.434850585763018,0.03041991306010845,0.0,4.726741221196208,4.438152842103163,1
PG-SHANYU000-5618f7d508ec6ef2,5618f7d508ec6ef255e472cf093b45dd830e886b60bb384453493cb1d261ebe6,cliff_2,cliff_2,labeled,1,five_axis,explicit,5,SHANYU000_local,v3_exact_match,a4761dbb8643e682,pathguard_preexec_v2.0.0,npz_pre_execution_arrays_only,steer_ff_rad:used_beta_ref_rad;yaw_rate_ref_radps:derived_from_yaw_per_m_and_speed,578.7529800705895,2895,0.19998375261596044,0.19999999999998863,0.20000000000004547,0.005983859462721885,0.006737537945933006,0.061562293114520474,0.006372393258803737,0.006372659557602049,0.006373252059441072,0.013691740115393307,0.00020704259368777817,0.044017215424550435,0.00020604209521374805,0.0,0.0,0.0,0.0,0.0,0.0,0.0,30.36885627078718,33.4138606500756,33.413639740638146,33.41380042653718,33.413823628584424,0.1965543766437113,0.2129319591143893,6.175818748239607,7.114905947271134,7.114802974754803,-0.3459262301606104,0.0,0.0,0.0,0.0,0.0,0.0,0.0,0.0,0.1965543766437113,0.5228509481873582,0.2129319591143893,0.0021866184042330867,0.16893908332297133,0.005656669986612169,4.301204078622872,3.606363291929758,3.606363291929758,0.024515164249019766,0.0,4.7327035767381265,4.817756680729051,1
PG-SHANYU000-5dfc4fa9d2ac2c08,5dfc4fa9d2ac2c08a7ffd6121909433816c58d9b5aa2da520ea3db4b47de5d9a,ramp_1,ramp_1,labeled,0,five_axis,explicit,5,SHANYU000_local,v3_exact_match,a4761dbb8643e682,pathguard_preexec_v2.0.0,npz_pre_execution_arrays_only,steer_ff_rad:used_beta_ref_rad;yaw_rate_ref_radps:derived_from_yaw_per_m_and_speed,858.9756605991365,4296,0.19999433308478148,0.19999999999998863,0.20000000000004547,0.0006612370326841777,0.002156858369070516,0.06561032850271875,7.393279172651646e-06,0.009142031348485347,0.016579574654275397,0.02336985112636692,0.0005206049778214641,0.1976764049003349,0.0009494886684597286,0.0,0.0,0.0,0.0,0.0,0.0,0.0,36.98463134393896,54.54508149112181,39.71045596828424,50.4197301625792,52.11422394894883,0.041724894512672625,0.2749764116963029,0.9011903699385042,19.21389137267327,4.841668896838353,-0.5867974729569878,0.0,0.0,0.0,0.0,0.0,0.0,0.0,0.0,0.041724894512672625,1.1227776827033245,0.2749764116963029,0.00933262808130431,3.3828076662303634,0.01611257511652206,3.1894654174739125,2.6767859830021905,2.6767859830021905,0.023324769548777234,0.0,3.1989468135349193,2.6853886223306382,1
PG-SHANYU000-65a3b2f01701d6ab,65a3b2f01701d6abb7846340512658fb4839956b6d35599d2235ba197cdc3181,RoadC,RoadC,labeled,0,five_axis,explicit,5,SHANYU000_local,v3_exact_match,derived-b1c20e9c8d3e76be,pathguard_preexec_v2.0.0,npz_pre_execution_arrays_only,steer_ff_rad:used_beta_ref_rad;yaw_rate_ref_radps:derived_from_yaw_per_m_and_speed,9707.486021794099,48343,0.2008085313349489,0.1999999999999318,0.20704518648108206,0.0006266827306773614,0.0025769553902258604,0.10709739056080178,3.3410253101682656e-12,0.0016147509672390704,0.008027732970839233,0.07433394496536021,0.0002753949326778723,0.035434644248450387,0.0008379518009530777,0.0,0.0,0.0,0.0,0.0,0.0,0.0,32.105072113099475,80.0,30.510099384463732,52.54626613475211,59.85525511430436,0.014913870934451238,0.11418236052711028,0.1660492341739749,4.702042401339313,1.3417058895824832,-0.355645198865328,0.0,0.0,0.0,0.0,0.0,0.0,0.0,0.0,0.014913870934451238,0.38053380878898335,0.11418236052711028,0.0012770270848695402,0.5819919682283683,0.005619457823449154,2.8804814673692896,2.9694152917526218,2.8804814673692896,0.09237410170367467,0.0,3.194836075694481,3.006135730294844,1
PG-SHANYU000-749542bdaadd6d09,749542bdaadd6d096fa688764548706ab42091fc1ee63a8031a2a21523bec176,cross_2,cross_2,labeled,0,five_axis,explicit,5,SHANYU000_local,v3_exact_match,a4761dbb8643e682,pathguard_preexec_v2.0.0,npz_pre_execution_arrays_only,steer_ff_rad:used_beta_ref_rad;yaw_rate_ref_radps:derived_from_yaw_per_m_and_speed,343.3797897149241,1718,0.19998822930397442,0.19999999999999574,0.20000000000004547,0.0051460765036230325,0.005381412271947624,0.06228355420889731,2.220446049250313e-15,0.02319719441497686,0.04202894179652358,0.06080947699107235,0.0008598022716375751,0.045204014756811135,0.0034938995396607093,0.0,0.0,0.0,0.0,0.0,0.0,0.0,22.51031202368216,42.970990186956875,23.114060943246947,37.916077904522695,40.523234085668896,0.039933617360878804,0.29699038723842885,0.32858387322609445,3.350466733873872,2.2406839447627562,-0.554839371484205,0.0,0.0,0.0,0.0,0.0,0.0,0.0,0.0,0.039933617360878804,0.3921436391612994,0.29699038723842885,0.004978944481525192,0.10557837520529775,0.032680859638610865,3.291449125126232,2.0004330022680943,2.0004330022680943,0.05852557985047048,0.0,3.4608810961166205,2.5229882332721667,1
PG-SHANYU000-87c700de4d844f0d,87c700de4d844f0dab98a8264f1c27e01d3cbe3aa573d02faf802f79177ca94f,overpass_2,overpass_2,labeled,0,five_axis,explicit,5,SHANYU000_local,v3_exact_match,a4761dbb8643e682,pathguard_preexec_v2.0.0,npz_pre_execution_arrays_only,steer_ff_rad:used_beta_ref_rad;yaw_rate_ref_radps:derived_from_yaw_per_m_and_speed,2587.077243292838,12688,0.2039156020566594,0.1999999999998181,0.20000000000027285,-0.0020473538092239925,0.0031774078217730803,0.07971460219877224,8.156722037933051e-05,0.00849474994273076,0.01408287275071291,0.02261799010192192,0.00018814702739536804,0.08426702575533418,0.0007046824620367979,-2.117807120648397e-13,0.010245953467967873,0.10018282740571394,0.09614663968892452,0.00016397252627816349,0.16347833565516556,8.688736119477606e-08,32.710477360990616,55.67922191509508,32.21777679767015,45.86042030435851,49.355586221691425,0.06873690371271243,0.23683706017721318,1.669283933568305,5.5926248757053845,4.844033299801981,-0.5991146448791642,0.0004932023780949196,0.13922698595574787,0.0,0.0,0.0,0.00012307008913640952,0.03909469831678955,0.0,0.06873690371271243,0.6209767511284358,0.23683706017721318,0.0030350524981078873,0.8693511902721323,0.01362326361182054,3.668517157907742,0.0,0.0,0.05574193786656236,0.02219971560782628,3.945627510766846,0.0,1
PG-SHANYU000-8e98bf755307f34d,8e98bf755307f34db873c9ca82893c9b8c4c9873ae3ff8b58c75d2ccaac72c3f,mounarea_1,mounarea_1,labeled,0,five_axis,explicit,5,SHANYU000_local,v3_exact_match,a4761dbb8643e682,pathguard_preexec_v2.0.0,npz_pre_execution_arrays_only,steer_ff_rad:used_beta_ref_rad;yaw_rate_ref_radps:derived_from_yaw_per_m_and_speed,926.725675573569,4635,0.1999839610646459,0.19999999999999574,0.20000000000004547,0.0049849377484713865,0.010343632534675054,0.18296869718084385,0.005580892925067432,0.02654765918470843,0.04004362307848612,0.04754888673966885,0.0008519027245378237,0.1276953008032842,0.002398567731480804,0.05101823641135898,0.05513902312739216,0.08376228497842675,0.07748010900281345,0.0005977129974015885,0.04615596987651567,0.0020267684172986466,25.667165624628492,47.28134877576757,24.30081329599375,41.228740399897184,43.023389592495526,0.17918940819741822,0.4859198290653065,3.7025979882462856,11.312161918693985,10.050212298149281,-0.5603657812742889,0.0,0.0,0.0,0.0,0.0,0.0,0.0,0.0,0.17918940819741822,0.8155074617325986,0.4859198290653065,0.010421283826468045,0.24554447446148736,0.03411222572775549,1.9484743427944935,1.9962619923267573,1.9484743427944935,0.07466425027853732,0.0,3.7987469958274658,4.043813960431697,1
PG-SHANYU000-96eea82316d669ce,96eea82316d669ce7e25f625e7527734226476fed12e79de10945018cff32cd3,ramp_6,ramp_6,labeled,0,five_axis,explicit,5,SHANYU000_local,v3_exact_match,4ec13c407273a370,pathguard_preexec_v2.0.0,npz_pre_execution_arrays_only,,1344.7376956598873,6734,0.19972340645475825,0.1999999999999318,0.20004304934850553,-0.0008980841277320832,0.002582208504819935,0.02117193459994155,0.0010764654181746251,0.006508132258454825,0.008574908519494977,0.019523370161726377,0.00012037555026306421,0.014389321670352742,0.0005029964753419668,0.0,0.0,0.0,0.0,0.0,0.0,0.0,32.36437109369956,48.270024052586145,32.480821998365386,43.5917613444441,45.06359468777665,0.060368363544960744,0.18042472630106787,1.5881341719258173,5.505637397122071,4.837545352199693,-0.5887181031643607,0.01581603653452226,0.1312248095408543,0.006534908404177723,0.03976992345735869,0.05252133564745249,0.0007286235550769719,0.08908572558052792,0.003074474389612847,0.060368363544960744,0.34104732123605597,0.18042472630106787,0.002844818684495886,0.23340798453037542,0.013450867051446973,2.5659917217651325,3.0150886339267657,2.5659917217651325,0.02000438759322287,0.021714211916375355,2.58179712666746,3.0230564537794136,10
PG-SHANYU000-9b865d34114e5806,9b865d34114e58062de6cd535a8745aa86c73d8b6c4546b3451aa878239b8bb5,cross_3,cross_3,labeled,0,six_axis,structural_inference,6,SHANYU000_local,v3_exact_match,derived-5c9367c4e69a233f,pathguard_preexec_v2.0.0,npz_pre_execution_arrays_only,,384.963532307288,1926,0.1999810557440457,0.19999999999998863,0.20000000000004547,-0.004077866156680204,0.005212161794370486,0.12402696385133954,6.084066885571532e-68,0.008075458581279359,0.03786026096825039,0.11672543371072283,0.0008057661070597946,0.024842062252559666,0.005070373121828838,0.0,0.0,0.0,0.0,0.0,0.0,0.0,3.995304467263911,4.0,4.0,4.0,4.0,0.020848647177481874,0.15144104387300156,0.08339458870992733,1.9844314216214327,0.6057641754920062,0.01432901908239499,0.0,0.0,0.0,0.0,0.0,0.0,0.0,0.0,0.0,0.0,0.0,0.0,0.0,0.0,2.4,2.4,2.4,0.10980846350535847,0.0,2.399999999999636,2.399999999999636,12
PG-SHANYU000-a2c28197723f0ec6,a2c28197723f0ec6a4cb2769551525e127a4e1c104bbefc109c876b4adddc1bd,turnaround_4,turnaround_4,labeled,0,six_axis,explicit,6,SHANYU000_local,v3_exact_match,2e3182561ba5e89c,pathguard_preexec_v2.0.0,npz_pre_execution_arrays_only,,351.88217565839005,1761,0.199933054351358,0.19999903684730924,0.19999999979396002,0.0005071539429383814,0.029417281259565654,0.19179814860621638,0.012461796446058439,0.09377252398749951,0.1182336053408784,0.17579005455971244,0.004747692565089883,0.06466540642526483,0.02092845772173522,0.0,0.0,0.0,0.0,0.0,0.0,0.0,7.100809431540919,15.0,7.122706638898067,11.611886111870952,12.331024017727815,0.12470311525561695,0.3918839004277298,0.7631473314303232,2.90977149516174,2.2051057350105268,-0.5294893913077605,0.2046873898723156,0.984,0.09617821767888354,0.643839963602346,0.7923215284806255,0.052784409624089035,1.4845490195638569,0.2226961029743002,0.12409193290474871,0.6470080306473752,0.4113425349781218,0.03949544536589501,0.795945089468697,0.19318944474119032,2.310450594327653,2.3080931279796983,2.3080931279796983,0.1663915443262708,0.3697000743459558,2.3214520150141458,2.316749881307456,12
PG-SHANYU000-d070ecb1b1784582,d070ecb1b17845828c86995f1e22d988dec6da2e58739fe0e35a1f7fcd34072e,cross_4,cross_4,labeled,1,six_axis,structural_inference,6,SHANYU000_local,v3_exact_match,derived-5c9367c4e69a233f,pathguard_preexec_v2.0.0,npz_pre_execution_arrays_only,speed_abs_curvature_correlation:constant_input_set_to_zero,318.00574624766057,1592,0.1998779046182656,0.1999999999999993,0.20000000000001705,-0.004326347120729755,0.006238043121087352,1.4876951046204807,1.4626610625299258e-55,1.6717855455347725e-13,0.022983869051984063,0.17203499161986216,0.006972438050488682,4.021589732677622,0.008011100858773147,0.0,0.0,0.0,0.0,0.0,0.0,0.0,1.5,1.5,1.5,1.5,1.5,0.00935706468163103,0.0344758035779761,0.014035597022446543,3.347313985396082,0.05171370536696414,0.0,0.0,0.0,0.0,0.0,0.0,0.0,0.0,0.0,0.0,0.0,0.0,0.0,0.0,0.0,2.4,2.4,2.4,0.1657305234821446,0.0,2.3999999999999773,2.3999999999999773,12
PG-SHANYU000-dd3d1bbf19b7d0f8,dd3d1bbf19b7d0f8f34631f94f79009d1bbd963498c7dd3b014f0506a1c89866,mounarea_3,mounarea_3,labeled,0,five_axis,explicit,5,SHANYU000_local,v3_exact_match,4ec13c407273a370,pathguard_preexec_v2.0.0,npz_pre_execution_arrays_only,steer_ff_rad:used_beta_ref_rad;yaw_rate_ref_radps:derived_from_yaw_per_m_and_speed,1588.301982222156,7955,0.1996859419439472,0.19990559538780417,0.20014542830176368,0.004126022561697084,0.004169211585553823,0.08162346314645674,0.002664055291177192,0.009121502514386749,0.013477770061454737,0.0254252566766732,0.00024742935904138106,0.21458432258674837,0.00054775634408318,0.00016153302096591704,0.16242874954369116,355.4364450518538,0.0,1.5282774856242487,4247.644436615567,0.0,28.731962350670376,51.35114690916324,27.169583978547738,40.782965797100815,46.36761864615354,0.09504768489707914,0.22731965972971743,2.3302949539121856,7.189613565074802,4.8132755360235775,-0.5572620910755265,0.0018921601231130056,0.022382751345376543,5.473100261911693e-07,0.00691714739582487,0.011225388537424521,8.66076453318678e-05,0.000747455650792983,0.0004738676468842249,0.09504768489707914,0.7660555840578075,0.22731965972971743,0.0035982878304917244,2.20184158015231,0.009728624866583064,3.300928325746873,3.2372530947012383,3.2372530947012383,0.02850746737579717,0.0007282322495519022,3.3030914419840722,3.2447392263077512,1
PG-SHANYU000-e5a441095d278e57,e5a441095d278e574c36c004fa0dc3f54d63ba10ada39f59384742d4d04b1fe9,turnaround_1,turnaround_1,labeled,0,five_axis,explicit,5,SHANYU000_local,v3_exact_match,a4761dbb8643e682,pathguard_preexec_v2.0.0,npz_pre_execution_arrays_only,steer_ff_rad:used_beta_ref_rad;yaw_rate_ref_radps:derived_from_yaw_per_m_and_speed,245.6316721318418,2035,0.12076286732145615,0.09999999999999432,0.10000000000002274,0.0029581858942995722,0.0035222066367267993,0.15213065460413544,3.552713678800501e-14,7.105427357601002e-14,3.632128050767296e-07,0.14271664065818426,0.0003781140688102634,0.022921366274925914,4.3191463745423377e-05,0.0,0.0,0.0,0.0,0.0,0.0,0.0,13.582973739983752,21.411548890112627,14.585925407926451,21.359468222603763,21.371846006981187,0.012116358520471623,1.452852538638886e-06,0.042040193762767665,1.5000000000000233,5.811438341385882e-06,-0.27863270245332605,0.001644126426510905,0.05925623273579493,0.0,0.0,0.0,0.00018261849639094054,0.009366712872043758,0.0,0.011595906538356883,0.46027229799117314,2.2671898198799536e-12,0.0011314577512524268,0.09168546509969958,1.9563702492514487e-11,2.011182398321639,1.9946042780986115,1.9946042780986115,0.15000208265158094,0.007241510920251498,2.0351685795461854,2.023322969474043,1
PG-SHANYU000-e92ab34ca50f7ab5,e92ab34ca50f7ab53e5a2afc6590e90a085bff4ed9a57ac1640d897e60d240df,ramp_2,ramp_2,labeled,0,five_axis,explicit,5,SHANYU000_local,v3_exact_match,a4761dbb8643e682,pathguard_preexec_v2.0.0,npz_pre_execution_arrays_only,steer_ff_rad:used_beta_ref_rad;yaw_rate_ref_radps:derived_from_yaw_per_m_and_speed,1169.1343418949307,5847,0.1999887687127832,0.20000000000000284,0.20000000000004547,0.001628169885642914,0.003812615492319563,0.01948924338691782,0.0025218237027340162,0.012977564312334522,0.01607402394533807,0.019333537944132628,0.00022812532708291411,0.013063663287375992,0.0011039554229300202,0.0,0.0,0.0,0.0,0.0,0.0,0.0,28.259071229966,40.54139741893224,28.43328513898483,36.86449342477418,38.137661336934265,0.08632909934659837,0.2856761837035447,2.1147527498973946,5.517682885816564,5.155412374794355,-0.6043530689906645,0.0,0.0,0.0,0.0,0.0,0.0,0.0,0.0,0.08632909934659837,0.32791974275738595,0.2856761837035447,0.004881907391078461,0.28269327390415133,0.0205826530702656,3.8661671049855677,2.0015141496985813,2.0015141496985813,0.019296733115086253,0.0,3.8661671049855677,2.545520075926552,1
PG-SHANYU000-ebc45237166654ef,ebc45237166654efe2c45e416742d943b42e38fac326155542573d3314762070,cross_1,cross_1,labeled,0,five_axis,explicit,5,SHANYU000_local,v3_exact_match,a4761dbb8643e682,pathguard_preexec_v2.0.0,npz_pre_execution_arrays_only,steer_ff_rad:used_beta_ref_rad;yaw_rate_ref_radps:derived_from_yaw_per_m_and_speed,340.6993421178868,1705,0.19994092847293823,0.1999999999999993,0.20000000000001705,-0.0027624561848204193,0.003492959940006365,0.13209332371643123,2.6589614954275476e-09,0.009473395607450074,0.019706176742316808,0.057774772697488236,0.0011786859681710276,0.2576382259203924,0.00409655394055259,0.0,0.0,0.0,0.0,0.0,0.0,0.0,18.53696228532473,31.428191540082597,18.98828092545651,27.975872279869904,29.75268776039235,0.02959059674848918,0.1887811292955366,0.2736536056428011,5.0866420749835575,1.8924337970807237,-0.4192100861282832,0.0,0.0,0.0,0.0,0.0,0.0,0.0,0.0,0.02959059674848918,0.6432944864990201,0.1887811292955366,0.007805524489491259,1.2624026444422842,0.0268427518740294,2.002321656412891,2.0035560415070783,2.002321656412891,0.05279833010902899,0.0,2.7340319312411783,2.0229516647889385,1
PG-SHANYU000-ed82f3f5dcfaac0b,ed82f3f5dcfaac0baac8ba7ea922c171d4094de3b40c27341fc2a52aab612668,turnaround_2,turnaround_2,labeled,0,six_axis,structural_inference,6,SHANYU000_local,v3_exact_match,derived-5c9367c4e69a233f,pathguard_preexec_v2.0.0,npz_pre_execution_arrays_only,speed_abs_curvature_correlation:constant_input_set_to_zero,386.52575169468247,1934,0.19996158908157396,0.19999999999998863,0.20000000000004547,0.008121710970088335,0.016957304265341904,0.18534184514677246,0.010333840949436535,0.011731035006692822,0.05869031264707889,0.17936723035567068,0.0012858776232520328,0.03811680435966722,0.004644120704754863,0.0,0.0,0.0,0.0,0.0,0.0,0.0,1.5,1.5,1.5,1.5,1.5,0.025435956398012858,0.08803546897061834,0.03815393459701929,0.41701915158023806,0.1320532034559275,0.0,0.0,0.0,0.0,0.0,0.0,0.0,0.0,0.0,0.0,0.0,0.0,0.0,0.0,0.0,2.4,2.4,2.4,0.17717766610847718,0.0,2.399999999999636,2.399999999999636,12
PG-SHANYU000-f7a671e269ae4228,f7a671e269ae4228f217fa1ed15f745e9e19e61fa617d641e6bac197357cf9d6,ramp_3,ramp_3,labeled,0,five_axis,explicit,5,SHANYU000_local,v3_exact_match,4ec13c407273a370,pathguard_preexec_v2.0.0,npz_pre_execution_arrays_only,steer_ff_rad:used_beta_ref_rad;yaw_rate_ref_radps:derived_from_yaw_per_m_and_speed,1186.007259000174,5941,0.199664521717201,0.20001704153492028,0.20002356154498102,-0.0025319930656850535,0.0027680772010611554,0.14147716735922305,0.0006324774935957467,0.006167747995621687,0.008974994190615756,0.020669604444272526,0.00028585710764792794,0.03742053179602789,0.0005509730498020359,0.0,0.0,0.0,0.0,0.0,0.0,0.0,33.79793725005068,54.83190029661476,31.313869061011662,50.2003390342947,51.53090899822943,0.06279623018368179,0.1813652353953867,1.7063037382975226,5.050123857008381,4.499998578201168,-0.4140161930311163,0.0,0.0,0.0,0.0,0.0,0.0,0.0,0.0,0.06279623018368179,0.4007639458775483,0.1813652353953867,0.003562366556989363,1.4766861014267345,0.012890570821204678,3.8155784300581095,3.387514486075993,3.387514486075993,0.14147716735922305,0.0,3.8897014214356287,3.388085969054682,1
