sample_key,classification,map,report_path_local,route_path_local,build_family,report_file_sha256,route_file_sha256,route_input_hash,hard_certificate_passed,hard_failure_reasons,completed,policy_id_or_thresholds,dynamic_pcd_clearance_m,maximum_slip_ratio,maximum_tire_utilization,maximum_abs_lateral_error_m,maximum_abs_heading_error_deg,vehicle_profile_id,vehicle_profile_fingerprint,axle_count,wheel_count,steer_ff_rad_second_dimension,vehicle_structure,identity_evidence,route_length_m,point_count,modified_time,source_machine,file_size_bytes,transfer_recommended,parse_status,error
82bea6cdf0deaa0c,new_route_without_label,bridge_4,,C:\Users\zgz20\Desktop\代码\C-TURE\five_axis\race_guidance_control\routes\five_axis_ay_v1_release\bridge_4.npz,five_axis/race_guidance_control/routes/five_axis_ay_v1_release,,82bea6cdf0deaa0cd3f30d3097a8403d472522d9cb0a54304391cab1b6292b6e,af14cc5e88e87300f151dc695a7fd945c4533655fc7ee100a625731eec093f14,,,,,,,,,,five_axis,4ec13c407273a370c01747c10ca81942fa98caab38073946be123042e1dd02b7,,,,five_axis_explicit,explicit_profile_id,214.821007,1040,2026-08-26T21:50:26+08:00,LEGION,184843,true,ok,
e5f81602ec534784,new_route_without_label,cliff_3,,C:\Users\zgz20\Desktop\代码\C-TURE\five_axis\race_guidance_control\routes\five_axis_ay_v1_release\cliff_3.npz,five_axis/race_guidance_control/routes/five_axis_ay_v1_release,,e5f81602ec534784ead4d871b92ab70861234ee5220f9af1ef9c49c74b1ccc7e,df261a67248e21426b77629f55551d9fb9d46784c774c5ab64f5ed1962a64f2d,,,,,,,,,,five_axis,ee1b968983f0d0d8305b5afc24afd9ea65d17027e1bebdab5f8bd2dae19edfc5,,,10,five_axis_explicit,explicit_profile_id,230.243764,1152,2026-08-24T15:27:00+08:00,LEGION,214544,true,ok,
645e80adcac7aa0b,new_route_without_label,cliff_6,,C:\Users\zgz20\Desktop\代码\C-TURE\five_axis\race_guidance_control\routes\five_axis_ay_v1_release\cliff_6.npz,five_axis/race_guidance_control/routes/five_axis_ay_v1_release,,645e80adcac7aa0bac5f0b4bbc326471b06bd2e8691231d83a419e177d676970,81743eeeb880a828f46830b0288e05c1bcf8662bd072a94af0afebaa3f914cce,,,,,,,,,,five_axis,6e898ff7ac46a2787fb81ecea16e0e5ca585cf290cccb00a7656cb178eb56053,,,,five_axis_explicit,explicit_profile_id,273.693735,1373,2026-08-21T21:18:44+08:00,LEGION,188882,true,ok,
6f2a58b7ed17a685,new_route_without_label,cross_3,,C:\Users\zgz20\Desktop\代码\C-TURE\five_axis\race_guidance_control\routes\five_axis_ay_v1_release\cross_3.npz,five_axis/race_guidance_control/routes/five_axis_ay_v1_release,,6f2a58b7ed17a6855589f0762abcad06335f5c2817dd0b54670275980eeb03c6,aa09934d1a31e7ec5049965f5db0c4e098e6e72aad9cf957c498614b1cd768ef,,,,,,,,,,five_axis,6e898ff7ac46a2787fb81ecea16e0e5ca585cf290cccb00a7656cb178eb56053,,,,five_axis_explicit,explicit_profile_id,383.962868,1946,2026-08-21T22:35:30+08:00,LEGION,179123,true,ok,
390aea71b9cc217d,new_route_without_label,cross_4,,C:\Users\zgz20\Desktop\代码\C-TURE\five_axis\race_guidance_control\routes\five_axis_ay_v1_release\cross_4.npz,five_axis/race_guidance_control/routes/five_axis_ay_v1_release,,390aea71b9cc217dce928f47a93d75ce8d5741cf4af3ce6763159b955a27837f,e7c3044ac9a93e7a57ea13479247125b2ed55e357a41ab56a2dae70fb488c8af,,,,,,,,,,five_axis,c55daff1b698d1f4e5430ac09daa62a4231411205564f579dcecdbf8da0aaefb,,,10,five_axis_explicit,explicit_profile_id,292.167848,1460,2026-08-23T22:11:10+08:00,LEGION,299909,true,ok,
ec6a3c490e92fc1f,new_route_without_label,mounarea_3,,C:\Users\zgz20\Desktop\代码\C-TURE\five_axis\race_guidance_control\routes\five_axis_ay_v1_release\mounarea_3.npz,five_axis/race_guidance_control/routes/five_axis_ay_v1_release,,ec6a3c490e92fc1f7a74a8f19cfef03bbdc8afcedfae17c45ff736a19b323b4f,de7591b35a54b27de4aa94cb8779defcbfb1e643bf0fa3a8010edccbd324f3dc,,,,,,,,,,five_axis,6e898ff7ac46a2787fb81ecea16e0e5ca585cf290cccb00a7656cb178eb56053,,,,five_axis_explicit,explicit_profile_id,1588.30198,7955,2026-08-22T18:34:42+08:00,LEGION,1130236,true,ok,
0dd0ad564cc7ec07,new_route_without_label,mounarea_6,,C:\Users\zgz20\Desktop\代码\C-TURE\five_axis\race_guidance_control\routes\five_axis_ay_v1_release\mounarea_6.npz,five_axis/race_guidance_control/routes/five_axis_ay_v1_release,,0dd0ad564cc7ec07abfe748a1a04a4e9db1023e19561382d933a17ac10eebc99,8214a6c72b31cc9ebf09d360734fb0fa501b30fdfaae04bac87913a8f53e7f8a,,,,,,,,,,five_axis,4ec13c407273a370c01747c10ca81942fa98caab38073946be123042e1dd02b7,,,10,five_axis_explicit,explicit_profile_id,1083.5309,5424,2026-08-24T08:55:02+08:00,LEGION,786745,true,ok,
01ceb4d030f51a16,new_route_without_label,narrow_4,,C:\Users\zgz20\Desktop\代码\C-TURE\five_axis\race_guidance_control\routes\five_axis_ay_v1_release\narrow_4.npz,five_axis/race_guidance_control/routes/five_axis_ay_v1_release,,01ceb4d030f51a16958b5ef781e78538e8d5f7d20d5443d4c36e4728a46c573a,0d14ad5750790d68c85b3b50e56eb978633a2936f2af7239dc41720a180a48db,,,,,,,,,,five_axis,4ec13c407273a370c01747c10ca81942fa98caab38073946be123042e1dd02b7,,,,five_axis_explicit,explicit_profile_id,228.004767,1148,2026-08-24T03:16:54+08:00,LEGION,136925,true,ok,
10cf8005d0296f81,damaged_or_unreadable,ramp_3,,C:\Users\zgz20\Desktop\代码\C-TURE\five_axis\race_guidance_control\routes\five_axis_ay_v1_release\ramp_3.npz,five_axis/race_guidance_control/routes/five_axis_ay_v1_release,,10cf8005d0296f81dfe1b8701c490ab0762a99486992235651df66251e0243e7,,,,,,,,,,,,,,,,unknown_or_conflict,path_only,,,2026-09-18T13:31:11+08:00,LEGION,659738,true,error,BadZipFile: File is not a zip file
5f6c5dfad097187a,new_route_without_label,RoadC,,E:\BaiduNetdiskDownload\使命召唤\C-TURE\five_axis\race_guidance_control\routes\five_axis_ay_v1_release\RoadC.npz,five_axis/race_guidance_control/routes/five_axis_ay_v1_release,,5f6c5dfad097187aa34cfb24f17f6d7dfed938594327861cdbff9c0f1c5d95a7,c0016220527308183947e4f401a23314a5f712fc3de8d9cdd92549c32f973d2e,,,,,,,,,,five_axis,4ec13c407273a370c01747c10ca81942fa98caab38073946be123042e1dd02b7,,,,five_axis_explicit,explicit_profile_id,9668.23723,48343,2026-08-21T20:11:34+08:00,LEGION,4744367,true,ok,
82bea6cdf0deaa0c,,bridge_4,,E:\BaiduNetdiskDownload\使命召唤\C-TURE\five_axis\race_guidance_control\routes\five_axis_ay_v1_release\bridge_4.npz,five_axis/race_guidance_control/routes/five_axis_ay_v1_release,,82bea6cdf0deaa0cd3f30d3097a8403d472522d9cb0a54304391cab1b6292b6e,af14cc5e88e87300f151dc695a7fd945c4533655fc7ee100a625731eec093f14,,,,,,,,,,five_axis,4ec13c407273a370c01747c10ca81942fa98caab38073946be123042e1dd02b7,,,,five_axis_explicit,explicit_profile_id,214.821007,1040,2026-08-26T21:50:26+08:00,LEGION,184843,true,ok,
e5f81602ec534784,,cliff_3,,E:\BaiduNetdiskDownload\使命召唤\C-TURE\five_axis\race_guidance_control\routes\five_axis_ay_v1_release\cliff_3.npz,five_axis/race_guidance_control/routes/five_axis_ay_v1_release,,e5f81602ec534784ead4d871b92ab70861234ee5220f9af1ef9c49c74b1ccc7e,df261a67248e21426b77629f55551d9fb9d46784c774c5ab64f5ed1962a64f2d,,,,,,,,,,five_axis,ee1b968983f0d0d8305b5afc24afd9ea65d17027e1bebdab5f8bd2dae19edfc5,,,10,five_axis_explicit,explicit_profile_id,230.243764,1152,2026-08-24T15:27:00+08:00,LEGION,214544,true,ok,
645e80adcac7aa0b,,cliff_6,,E:\BaiduNetdiskDownload\使命召唤\C-TURE\five_axis\race_guidance_control\routes\five_axis_ay_v1_release\cliff_6.npz,five_axis/race_guidance_control/routes/five_axis_ay_v1_release,,645e80adcac7aa0bac5f0b4bbc326471b06bd2e8691231d83a419e177d676970,81743eeeb880a828f46830b0288e05c1bcf8662bd072a94af0afebaa3f914cce,,,,,,,,,,five_axis,6e898ff7ac46a2787fb81ecea16e0e5ca585cf290cccb00a7656cb178eb56053,,,,five_axis_explicit,explicit_profile_id,273.693735,1373,2026-08-21T21:18:44+08:00,LEGION,188882,true,ok,
6f2a58b7ed17a685,,cross_3,,E:\BaiduNetdiskDownload\使命召唤\C-TURE\five_axis\race_guidance_control\routes\five_axis_ay_v1_release\cross_3.npz,five_axis/race_guidance_control/routes/five_axis_ay_v1_release,,6f2a58b7ed17a6855589f0762abcad06335f5c2817dd0b54670275980eeb03c6,aa09934d1a31e7ec5049965f5db0c4e098e6e72aad9cf957c498614b1cd768ef,,,,,,,,,,five_axis,6e898ff7ac46a2787fb81ecea16e0e5ca585cf290cccb00a7656cb178eb56053,,,,five_axis_explicit,explicit_profile_id,383.962868,1946,2026-08-21T22:35:30+08:00,LEGION,179123,true,ok,
390aea71b9cc217d,,cross_4,,E:\BaiduNetdiskDownload\使命召唤\C-TURE\five_axis\race_guidance_control\routes\five_axis_ay_v1_release\cross_4.npz,five_axis/race_guidance_control/routes/five_axis_ay_v1_release,,390aea71b9cc217dce928f47a93d75ce8d5741cf4af3ce6763159b955a27837f,e7c3044ac9a93e7a57ea13479247125b2ed55e357a41ab56a2dae70fb488c8af,,,,,,,,,,five_axis,c55daff1b698d1f4e5430ac09daa62a4231411205564f579dcecdbf8da0aaefb,,,10,five_axis_explicit,explicit_profile_id,292.167848,1460,2026-08-23T22:11:10+08:00,LEGION,299909,true,ok,
ec6a3c490e92fc1f,,mounarea_3,,E:\BaiduNetdiskDownload\使命召唤\C-TURE\five_axis\race_guidance_control\routes\five_axis_ay_v1_release\mounarea_3.npz,five_axis/race_guidance_control/routes/five_axis_ay_v1_release,,ec6a3c490e92fc1f7a74a8f19cfef03bbdc8afcedfae17c45ff736a19b323b4f,de7591b35a54b27de4aa94cb8779defcbfb1e643bf0fa3a8010edccbd324f3dc,,,,,,,,,,five_axis,6e898ff7ac46a2787fb81ecea16e0e5ca585cf290cccb00a7656cb178eb56053,,,,five_axis_explicit,explicit_profile_id,1588.30198,7955,2026-08-22T18:34:42+08:00,LEGION,1130236,true,ok,
0dd0ad564cc7ec07,,mounarea_6,,E:\BaiduNetdiskDownload\使命召唤\C-TURE\five_axis\race_guidance_control\routes\five_axis_ay_v1_release\mounarea_6.npz,five_axis/race_guidance_control/routes/five_axis_ay_v1_release,,0dd0ad564cc7ec07abfe748a1a04a4e9db1023e19561382d933a17ac10eebc99,8214a6c72b31cc9ebf09d360734fb0fa501b30fdfaae04bac87913a8f53e7f8a,,,,,,,,,,five_axis,4ec13c407273a370c01747c10ca81942fa98caab38073946be123042e1dd02b7,,,10,five_axis_explicit,explicit_profile_id,1083.5309,5424,2026-08-24T08:55:02+08:00,LEGION,786745,true,ok,
01ceb4d030f51a16,,narrow_4,,E:\BaiduNetdiskDownload\使命召唤\C-TURE\five_axis\race_guidance_control\routes\five_axis_ay_v1_release\narrow_4.npz,five_axis/race_guidance_control/routes/five_axis_ay_v1_release,,01ceb4d030f51a16958b5ef781e78538e8d5f7d20d5443d4c36e4728a46c573a,0d14ad5750790d68c85b3b50e56eb978633a2936f2af7239dc41720a180a48db,,,,,,,,,,five_axis,4ec13c407273a370c01747c10ca81942fa98caab38073946be123042e1dd02b7,,,,five_axis_explicit,explicit_profile_id,228.004767,1148,2026-08-24T03:16:54+08:00,LEGION,136925,true,ok,
59aedc56a46a43f6,new_route_without_label,ramp_3,,E:\BaiduNetdiskDownload\使命召唤\C-TURE\five_axis\race_guidance_control\routes\five_axis_ay_v1_release\ramp_3.npz,five_axis/race_guidance_control/routes/five_axis_ay_v1_release,,59aedc56a46a43f6ae4410219fa1b5f5c48134a8bd9e5c3a3c91097d06fae1bb,036202fec167543c63b3e3d5b7e37e95d78e4339c174fb1d7b7f0f24f3dfa236,,,,,,,,,,five_axis,6e898ff7ac46a2787fb81ecea16e0e5ca585cf290cccb00a7656cb178eb56053,,,,five_axis_explicit,explicit_profile_id,1186.00726,5941,2026-08-21T22:48:30+08:00,LEGION,797921,true,ok,
41def24cc9783941,new_route_without_label,ramp_6,,E:\BaiduNetdiskDownload\使命召唤\C-TURE\five_axis\race_guidance_control\routes\five_axis_ay_v1_release\ramp_6.npz,five_axis/race_guidance_control/routes/five_axis_ay_v1_release,,41def24cc9783941d20e8014ddce2a94adbd6b198ddc435101fa6e09fd089a54,71f72a3ab6fd94b4e26d9783983d23c536820a9d8a9e1066274b0110cfbbdcaa,,,,,,,,,,five_axis,4ec13c407273a370c01747c10ca81942fa98caab38073946be123042e1dd02b7,,10,10,five_axis_explicit,explicit_profile_id,1344.7377,6734,2026-08-24T12:26:22+08:00,LEGION,1004564,true,ok,
6ef28b4eccb9fcf2,new_route_without_label,turnaround_2,,E:\BaiduNetdiskDownload\使命召唤\C-TURE\five_axis\race_guidance_control\routes\five_axis_ay_v1_release\turnaround_2.npz,five_axis/race_guidance_control/routes/five_axis_ay_v1_release,,6ef28b4eccb9fcf2f36082c66435c8f4c5228c33b303ac097f52dc9c86d289f5,81a11b0b056c45e7fd7db774e2d2042472129ac10ca06faa2765920964dbfb25,,,,,,,,,,five_axis,c55daff1b698d1f4e5430ac09daa62a4231411205564f579dcecdbf8da0aaefb,,10,10,five_axis_explicit,explicit_profile_id,370.69821,1769,2026-08-23T17:21:26+08:00,LEGION,327035,true,ok,
33c4a3207aea9776,new_route_without_label,turnaround_4,,E:\BaiduNetdiskDownload\使命召唤\C-TURE\five_axis\race_guidance_control\routes\five_axis_ay_v1_release\turnaround_4.npz,five_axis/race_guidance_control/routes/five_axis_ay_v1_release,,33c4a3207aea977608fa50f4787598ead9f0d25e14cbff1688796b2a6650b489,d9d59e6d7dc99aa2fd6cec35250a717b62f7bc318a1cd82b26f80ce9a62ad9e9,,,,,,,,,,five_axis,,,,,five_axis_explicit,explicit_profile_id,344.826049,1761,2026-08-24T04:20:26+08:00,LEGION,197371,true,ok,
e21033ab8b0e270c,new_route_without_label,turnaround_8796_template,,E:\BaiduNetdiskDownload\使命召唤\C-TURE\five_axis\race_guidance_control\turnaround_assets\turnaround_8796_template.npz,five_axis/race_guidance_control/turnaround_assets,,e21033ab8b0e270c30b9b389fb292de1c6882fee576762d7b4bc05cb5f98d58d,8c6702ea29ddf3ddd7bb9c140a5070cbc5e49bf1c54a0063667497e2ee79a86c,,,,,,,,,,five_axis,632d2241cc254d61cb4d1d39d68c16af10883df84cb3802790b66a69e8cf5835,,,12,five_axis_explicit,explicit_profile_id,260.642183,2197,2026-08-17T15:03:18+08:00,LEGION,137003,true,ok,
1ec33434bae3e9e5,new_route_without_label,turnaround_4_tuning,,E:\BaiduNetdiskDownload\使命召唤\C-TURE\five_axis\turnaround_4_tuning\performance_routes\turnaround_4.before_steering_smoothing_20260824.npz,five_axis/turnaround_4_tuning/performance_routes,,1ec33434bae3e9e573473f579110b2449c08beb70fa5f6ebe84068a7226d5537,fa3ebb67f732563d291d4123a9461f9fbf22623fb7d651da5d13639b774cb96b,,,,,,,,,,five_axis,,,,,five_axis_explicit,explicit_profile_id,344.826049,1761,2026-08-24T04:04:02+08:00,LEGION,195950,true,ok,
33c4a3207aea9776,,turnaround_4,,E:\BaiduNetdiskDownload\使命召唤\C-TURE\five_axis\turnaround_4_tuning\performance_routes\turnaround_4.npz,five_axis/turnaround_4_tuning/performance_routes,,33c4a3207aea977608fa50f4787598ead9f0d25e14cbff1688796b2a6650b489,d9d59e6d7dc99aa2fd6cec35250a717b62f7bc318a1cd82b26f80ce9a62ad9e9,,,,,,,,,,five_axis,,,,,five_axis_explicit,explicit_profile_id,344.826049,1761,2026-08-24T04:20:26+08:00,LEGION,197371,true,ok,
8750337ef091c655,new_route_without_label,turnaround_1,,E:\BaiduNetdiskDownload\使命召唤\C-TURE\five_axis\turnaround_8796_backend\race_guidance_control\routes_performance\unified\turnaround_1.npz,five_axis/turnaround_8796_backend/race_guidance_control/routes_performance,,8750337ef091c6551bf6724db22ddb8306bf52be2f6899de7c5c14f279097251,0f62f695fd0c6bebca4463c4a51dbb889a3923b9953711600533de6e15fed7f3,,,,,,,,,,,,,,,unknown_or_conflict,path_only,244.642183,2035,2026-08-17T15:03:18+08:00,LEGION,81525,true,ok,
fe99043c80742250,new_route_without_label,turnaround_1_dynamic,,E:\BaiduNetdiskDownload\使命召唤\C-TURE\five_axis\turnaround_8796_backend\race_guidance_control\routes_performance\unified\turnaround_1_dynamic.npz,five_axis/turnaround_8796_backend/race_guidance_control/routes_performance,,fe99043c80742250d8af82b318b64d223d7ec25343f9720d686505e49ee53115,ac723a6cc776a7e4aa6277ef3cc19a270bad679ce0f4bdafce213379d65fcd21,,,,,,,,,,,,,,12,six_axis_structural,steer_vector_dimension,260.642183,2197,2026-08-17T15:03:18+08:00,LEGION,136452,true,ok,
929f70daa74cfcd7,new_route_without_label,RoadC,,E:\BaiduNetdiskDownload\使命召唤\C-TURE\six_axis\race_guidance_control\routes\RoadC.npz,six_axis/race_guidance_control/routes,,929f70daa74cfcd716e2a3be6df67e0ac8dc1791913911d662e3ec9edc71a999,31a380243c7b895ef2536773b5740b361c13e43f9d8c5b1a4b4785c90b06c5c0,,,,,,,,,,,,,,12,six_axis_structural,steer_vector_dimension,9666.58956,48334,2026-08-23T12:08:32+08:00,LEGION,5952115,true,ok,
04a1f40c70c74093,new_route_without_label,bridge_4,,E:\BaiduNetdiskDownload\使命召唤\C-TURE\six_axis\race_guidance_control\routes\bridge_4.npz,six_axis/race_guidance_control/routes,,04a1f40c70c74093254541cfcfd4f546959f8a6bdd2f8da7846a492263dee2ba,97423122fb0405a566c1232932b382d79dddaa2e23195e211b45e97c92d98e63,,,,,,,,,,,,,,12,six_axis_structural,steer_vector_dimension,214.821007,1040,2026-08-23T15:14:48+08:00,LEGION,213801,true,ok,
67c5ef8c5a0ae4b0,new_route_without_label,cliff_3,,E:\BaiduNetdiskDownload\使命召唤\C-TURE\six_axis\race_guidance_control\routes\cliff_3.npz,six_axis/race_guidance_control/routes,,67c5ef8c5a0ae4b0b60db980985d00d5c30a9028b476205429be995a3a6ee3b2,1768e780aaff14b5574df5598cacb243c8cbf7882fc1f0d4091fbde97da734a8,,,,,,,,,,six_axis,2e3182561ba5e89c98d721a253abf5be43e49567568c38d74246acf3ab860f79,,12,12,six_axis_explicit,explicit_profile_id,230.39999,1153,2026-08-24T06:36:06+08:00,LEGION,146592,true,ok,
d1f395b6e1c94cd9,new_route_without_label,cliff_6,,E:\BaiduNetdiskDownload\使命召唤\C-TURE\six_axis\race_guidance_control\routes\cliff_6.npz,six_axis/race_guidance_control/routes,,d1f395b6e1c94cd9eb29019d393e513762442a2d6a9c096096b78ce7fe610474,a5eca29d5c4015a49a7ea133956f0d6820976e102e2fbb2535f4189b55decaa5,,,,,,,,,,six_axis,2e3182561ba5e89c98d721a253abf5be43e49567568c38d74246acf3ab860f79,,12,12,six_axis_explicit,explicit_profile_id,273.687074,1370,2026-08-24T00:43:18+08:00,LEGION,253970,true,ok,
402c4af3a7ab695a,new_route_without_label,cross_3,,E:\BaiduNetdiskDownload\使命召唤\C-TURE\six_axis\race_guidance_control\routes\cross_3.npz,six_axis/race_guidance_control/routes,,402c4af3a7ab695a602a3f994e214ecd9d8b8e3f8be4708fe9493c0e131919a3,b8040c86fd9aa76bf76f139d54cec529f9e9b7153544516bd168909dde63132b,,,,,,,,,,six_axis,2e3182561ba5e89c98d721a253abf5be43e49567568c38d74246acf3ab860f79,,12,12,six_axis_explicit,explicit_profile_id,383.962868,1946,2026-08-21T01:06:26+08:00,LEGION,300312,true,ok,
2b110d3ed5565dfc,new_route_without_label,cross_4,,E:\BaiduNetdiskDownload\使命召唤\C-TURE\six_axis\race_guidance_control\routes\cross_4.npz,six_axis/race_guidance_control/routes,,2b110d3ed5565dfcfdcf445d4f008c70930df7090b2e7b06ba15f04adec7a209,45d0f3e13deabe3e35e904cbde6a2ce41781d98d9269d6566f2ce737c9526abd,,,,,,,,,,,,,,12,six_axis_structural,steer_vector_dimension,291.715349,1460,2026-08-23T00:27:48+08:00,LEGION,275880,true,ok,
0612666358035b0f,new_route_without_label,mounarea_3,,E:\BaiduNetdiskDownload\使命召唤\C-TURE\six_axis\race_guidance_control\routes\mounarea_3.npz,six_axis/race_guidance_control/routes,,0612666358035b0f27fc0fd5abfc4ca7893a478cf2c5b5fa41e9d8e9addde0c2,53f38302dc170d719a2fa8286ab41ef71fd8dceebee2f4e29ddd2e64ad373bb9,,,,,,,,,,six_axis,2e3182561ba5e89c98d721a253abf5be43e49567568c38d74246acf3ab860f79,,12,12,six_axis_explicit,explicit_profile_id,1589.8609,7951,2026-08-20T23:52:18+08:00,LEGION,1619607,true,ok,
5af8e85b784abd44,new_route_without_label,mounarea_6,,E:\BaiduNetdiskDownload\使命召唤\C-TURE\six_axis\race_guidance_control\routes\mounarea_6.npz,six_axis/race_guidance_control/routes,,5af8e85b784abd440e6a94696c5266786669d964a7e3ccef8131b5086faddd4f,1ccb3ec27cecb56d02bb9cbce30b29247314dbe88206b4f5d962b1b23028c624,,,,,,,,,,six_axis,2e3182561ba5e89c98d721a253abf5be43e49567568c38d74246acf3ab860f79,,12,12,six_axis_explicit,explicit_profile_id,1083.47188,5418,2026-08-24T06:36:20+08:00,LEGION,1174267,true,ok,
8b2e7c13886a99f4,new_route_without_label,narrow_4,,E:\BaiduNetdiskDownload\使命召唤\C-TURE\six_axis\race_guidance_control\routes\narrow_4.npz,six_axis/race_guidance_control/routes,,8b2e7c13886a99f45a37ffefb8f1f51afc9f576a9e83480095432f608ce5dd74,73a5c51ca44c5eacd9f42b6a573bca0e7834e9ef6477b1b3c50a3721c4d89ab9,,,,,,,,,,,,,,12,six_axis_structural,steer_vector_dimension,229.330791,2288,2026-08-23T23:49:36+08:00,LEGION,511317,true,ok,
bdbfd3974b302da3,new_route_without_label,ramp_3,,E:\BaiduNetdiskDownload\使命召唤\C-TURE\six_axis\race_guidance_control\routes\ramp_3.npz,six_axis/race_guidance_control/routes,,bdbfd3974b302da3d3aebb4799edb19eb5015b911e5b5e3f23322de01a5dfeaa,bf54c7ded6b202902b56946c027d5f02e3abc13bed87da018e54d14cb8b23b6a,,,,,,,,,,six_axis,2e3182561ba5e89c98d721a253abf5be43e49567568c38d74246acf3ab860f79,,12,12,six_axis_explicit,explicit_profile_id,1187.14712,5937,2026-08-19T17:40:28+08:00,LEGION,1044258,true,ok,
aaac3382a0880116,new_route_without_label,ramp_6,,E:\BaiduNetdiskDownload\使命召唤\C-TURE\six_axis\race_guidance_control\routes\ramp_6.npz,six_axis/race_guidance_control/routes,,aaac3382a0880116bc4c5b137001147b07638023b2bb112ffb858704f7daeab9,c61e9e97160dd3570dd85179f4e88eeed0125b3e7f961b411d0e42f78d20790c,,,,,,,,,,six_axis,2e3182561ba5e89c98d721a253abf5be43e49567568c38d74246acf3ab860f79,,12,12,six_axis_explicit,explicit_profile_id,1345.99532,6732,2026-08-21T00:27:08+08:00,LEGION,1455024,true,ok,
0ebee5aa5b5e7bba,new_route_without_label,turnaround_2,,E:\BaiduNetdiskDownload\使命召唤\C-TURE\six_axis\race_guidance_control\routes\turnaround_2.npz,six_axis/race_guidance_control/routes,,0ebee5aa5b5e7bba2a55ddd20f74bac278f680e573c7416afbda024864d74b7f,a4f9479256c67cb3f363054bb421c15b2a27c704e660af824f56655eedae4ce4,,,,,,,,,,six_axis,2e3182561ba5e89c98d721a253abf5be43e49567568c38d74246acf3ab860f79,,12,12,six_axis_explicit,explicit_profile_id,370.69821,1769,2026-08-22T23:35:54+08:00,LEGION,348795,true,ok,
5928b9b07115143c,new_route_without_label,turnaround_4,,E:\BaiduNetdiskDownload\使命召唤\C-TURE\six_axis\race_guidance_control\routes\turnaround_4.npz,six_axis/race_guidance_control/routes,,5928b9b07115143c4de963531b820d1638307820d0bba6aac82ecac5757ab1c8,47b6a64adee5ef45a0829c394ef3c7e8c199700c03ecaac8b62b0989a931d605,,,,,,,,,,,,,,12,six_axis_structural,steer_vector_dimension,351.882176,1761,2026-08-23T19:17:36+08:00,LEGION,322419,true,ok,
bc56b4605db87979,new_route_without_label,turnaround_4,,E:\BaiduNetdiskDownload\使命召唤\C-TURE\six_axis\turnaround_4_tuning\performance_routes\unified\turnaround_4.npz,six_axis/turnaround_4_tuning/performance_routes/unified,,bc56b4605db87979ec915af8ec89d844b5ecaefa9216d80b9b2e17972c75317c,d87844abe16825c6135b36b1034ee254336a417ab76aae82901b92f0a429e00e,,,,,,,,,,,,,,12,six_axis_structural,steer_vector_dimension,351.882176,1761,2026-08-23T20:18:50+08:00,LEGION,322421,true,ok,
462f2eccac127d5d,new_route_without_label,cliff_1,,E:\BaiduNetdiskDownload\使命召唤\OnSite-B-1150-Unified\five_axis\race_guidance_control\routes\five_axis_ay_v1_release\cliff_1.npz,five_axis/race_guidance_control/routes/five_axis_ay_v1_release,,462f2eccac127d5d6d6302fd7cc0fd8ef9e64303518e3734d5649c96b48dc220,aa3ad5518e595ae77215f302185765a39274bbb7052fdf548966d43222f3d3ca,,,,,,,,,,five_axis,6e898ff7ac46a2787fb81ecea16e0e5ca585cf290cccb00a7656cb178eb56053,,,,five_axis_explicit,explicit_profile_id,135.01443,677,2026-08-17T15:03:18+08:00,LEGION,85358,true,ok,
f8c1bcb1b1b4309f,new_route_without_label,cliff_2,,E:\BaiduNetdiskDownload\使命召唤\OnSite-B-1150-Unified\five_axis\race_guidance_control\routes\five_axis_ay_v1_release\cliff_2.npz,five_axis/race_guidance_control/routes/five_axis_ay_v1_release,,f8c1bcb1b1b4309faba8c590f874057054dbc909150ea54fd70a9383a1ae1008,0518d6a751cf1218ecb72ab3232ad4ad1510d0a556456ef4b5b71b374dd78c9c,,,,,,,,,,five_axis,6e898ff7ac46a2787fb81ecea16e0e5ca585cf290cccb00a7656cb178eb56053,,,,five_axis_explicit,explicit_profile_id,578.502583,2894,2026-08-17T15:03:18+08:00,LEGION,412413,true,ok,
473342c86fc55ee2,new_route_without_label,cross_1,,E:\BaiduNetdiskDownload\使命召唤\OnSite-B-1150-Unified\five_axis\race_guidance_control\routes\five_axis_ay_v1_release\cross_1.npz,five_axis/race_guidance_control/routes/five_axis_ay_v1_release,,473342c86fc55ee23fb1f1900ceff9c0ae1dee8c62e4d2c6a3ddea247109d56c,2986cf08cde5e2f94a066ab43c474053fb4ca45065ba21e4567b3e2f7e7ef0b4,,,,,,,,,,five_axis,6e898ff7ac46a2787fb81ecea16e0e5ca585cf290cccb00a7656cb178eb56053,,,,five_axis_explicit,explicit_profile_id,341.51992,1709,2026-08-17T15:03:18+08:00,LEGION,172391,true,ok,
bb2dcffec0dc2d79,new_route_without_label,cross_2,,E:\BaiduNetdiskDownload\使命召唤\OnSite-B-1150-Unified\five_axis\race_guidance_control\routes\five_axis_ay_v1_release\cross_2.npz,five_axis/race_guidance_control/routes/five_axis_ay_v1_release,,bb2dcffec0dc2d79bc03a94fd08394006478ca867c0178aa819d0b7c1c5ccd50,df571ccc3a421096c2ce0fb16fb5d2c52cb53c897b77763003aa3b221afba5ad,,,,,,,,,,five_axis,3e0eeb09caeac59c6e1c436994f433858335149ae1880f382fb135d4df22a87b,,,,five_axis_explicit,explicit_profile_id,342.733245,1715,2026-08-17T15:03:18+08:00,LEGION,188067,true,ok,
8f44c9d01c3b5a47,new_route_without_label,mounarea_1,,E:\BaiduNetdiskDownload\使命召唤\OnSite-B-1150-Unified\five_axis\race_guidance_control\routes\five_axis_ay_v1_release\mounarea_1.npz,five_axis/race_guidance_control/routes/five_axis_ay_v1_release,,8f44c9d01c3b5a478a73633a5022e8f19e2f4d3de3c50db8daf8d08cb2daeb2b,32240b6ea9abe878b05272a1d0d4e5b4cedd0d9cf3a368c61026f4717cfdcdc9,,,,,,,,,,five_axis,3e0eeb09caeac59c6e1c436994f433858335149ae1880f382fb135d4df22a87b,,,,five_axis_explicit,explicit_profile_id,918.890121,4618,2026-08-17T15:03:18+08:00,LEGION,687649,true,ok,
c314263dc039c205,new_route_without_label,mounarea_2,,E:\BaiduNetdiskDownload\使命召唤\OnSite-B-1150-Unified\five_axis\race_guidance_control\routes\five_axis_ay_v1_release\mounarea_2.npz,five_axis/race_guidance_control/routes/five_axis_ay_v1_release,,c314263dc039c2057a63fc71c337cfdd6d2aec9b2489a352bacf4d53a7443bcd,a33b531d16472253115c7081dccab894170f6d6b8de845bbd3d6387e216536ee,,,,,,,,,,five_axis,6e898ff7ac46a2787fb81ecea16e0e5ca585cf290cccb00a7656cb178eb56053,,,,five_axis_explicit,explicit_profile_id,468.069137,2342,2026-08-17T15:03:18+08:00,LEGION,385121,true,ok,
953a8b9da5119b94,new_route_without_label,narrow_1,,E:\BaiduNetdiskDownload\使命召唤\OnSite-B-1150-Unified\five_axis\race_guidance_control\routes\five_axis_ay_v1_release\narrow_1.npz,five_axis/race_guidance_control/routes/five_axis_ay_v1_release,,953a8b9da5119b94d1e1a610c40a815c29e72b69c25d2c011dbf101fc1ca35a5,2ea355f22960770a9403e57012e8c6da2502af53bb542b6eb9012163fa8d8ec0,,,,,,,,,,five_axis,6e898ff7ac46a2787fb81ecea16e0e5ca585cf290cccb00a7656cb178eb56053,,,,five_axis_explicit,explicit_profile_id,57.4439061,288,2026-08-17T15:03:18+08:00,LEGION,30709,true,ok,
eee60842afb61a39,new_route_without_label,overpass_1,,E:\BaiduNetdiskDownload\使命召唤\OnSite-B-1150-Unified\five_axis\race_guidance_control\routes\five_axis_ay_v1_release\overpass_1.npz,five_axis/race_guidance_control/routes/five_axis_ay_v1_release,,eee60842afb61a399282419f4a9c1d3935c12c44015b59c237984b396b831709,4911ecdaf61fd66bdbda72e9c5ae3117a021dbf0673106e75f5d397276e13f1e,,,,,,,,,,five_axis,6e898ff7ac46a2787fb81ecea16e0e5ca585cf290cccb00a7656cb178eb56053,,,,five_axis_explicit,explicit_profile_id,2054.60574,10275,2026-08-17T15:03:18+08:00,LEGION,1614756,true,ok,
45670c7cab1abadb,new_route_without_label,overpass_2,,E:\BaiduNetdiskDownload\使命召唤\OnSite-B-1150-Unified\five_axis\race_guidance_control\routes\five_axis_ay_v1_release\overpass_2.npz,five_axis/race_guidance_control/routes/five_axis_ay_v1_release,,45670c7cab1abadbef5fe4bb31c4c7d46d5a8d96165caf4634c74c0597026c4e,20acff13bb1884a289f41a538ae4b59255ed72ab2217e1773d0280a74aea047b,,,,,,,,,,five_axis,6e898ff7ac46a2787fb81ecea16e0e5ca585cf290cccb00a7656cb178eb56053,,,,five_axis_explicit,explicit_profile_id,2586.62924,12710,2026-08-17T15:03:18+08:00,LEGION,2048811,true,ok,
e5e2574a68612721,new_route_without_label,ramp_1,,E:\BaiduNetdiskDownload\使命召唤\OnSite-B-1150-Unified\five_axis\race_guidance_control\routes\five_axis_ay_v1_release\ramp_1.npz,five_axis/race_guidance_control/routes/five_axis_ay_v1_release,,e5e2574a68612721842dfe469f2e630c081371d5090e10959eadbd4c58f91cd8,ec5222aaa642fe6e73ad9a41e4c24a9b3c27625bf67cd00a4fd9f0416893af48,,,,,,,,,,five_axis,6e898ff7ac46a2787fb81ecea16e0e5ca585cf290cccb00a7656cb178eb56053,,,,five_axis_explicit,explicit_profile_id,858.952546,4296,2026-08-17T15:03:18+08:00,LEGION,406749,true,ok,
32baf3b90b8ed961,new_route_without_label,ramp_2,,E:\BaiduNetdiskDownload\使命召唤\OnSite-B-1150-Unified\five_axis\race_guidance_control\routes\five_axis_ay_v1_release\ramp_2.npz,five_axis/race_guidance_control/routes/five_axis_ay_v1_release,,32baf3b90b8ed961d9de762c3123969b1f22dd3f41bcfd1a40572253c8fbe088,0ddae798e70e4efe3e07a1a5b1378c6fa0cec75171ee430a4d9889f6da04889d,,,,,,,,,,five_axis,3e0eeb09caeac59c6e1c436994f433858335149ae1880f382fb135d4df22a87b,,,,five_axis_explicit,explicit_profile_id,1169.91752,5850,2026-08-17T15:03:18+08:00,LEGION,1000368,true,ok,
d13f4bbcd386b080,new_route_without_label,turnaround_1,,E:\BaiduNetdiskDownload\使命召唤\OnSite-B-1150-Unified\five_axis\race_guidance_control\routes\five_axis_ay_v1_release\turnaround_1.npz,five_axis/race_guidance_control/routes/five_axis_ay_v1_release,,d13f4bbcd386b080307467805e1ca8c2e08e2a64368600dde8d5ad67fdd158b1,33fee5720c5a82584f13f5d2d37eb26f576fa411f6cab2bc6967928eb610674a,,,,,,,,,,five_axis,6e898ff7ac46a2787fb81ecea16e0e5ca585cf290cccb00a7656cb178eb56053,,,12,five_axis_explicit,explicit_profile_id,260.642183,2197,2026-08-17T15:03:18+08:00,LEGION,137109,true,ok,
e21033ab8b0e270c,,turnaround_8796_template,,E:\BaiduNetdiskDownload\使命召唤\OnSite-B-1150-Unified\five_axis\race_guidance_control\turnaround_assets\turnaround_8796_template.npz,five_axis/race_guidance_control/turnaround_assets,,e21033ab8b0e270c30b9b389fb292de1c6882fee576762d7b4bc05cb5f98d58d,8c6702ea29ddf3ddd7bb9c140a5070cbc5e49bf1c54a0063667497e2ee79a86c,,,,,,,,,,five_axis,632d2241cc254d61cb4d1d39d68c16af10883df84cb3802790b66a69e8cf5835,,,12,five_axis_explicit,explicit_profile_id,260.642183,2197,2026-08-17T15:03:18+08:00,LEGION,137003,true,ok,
8750337ef091c655,,turnaround_1,,E:\BaiduNetdiskDownload\使命召唤\OnSite-B-1150-Unified\five_axis\turnaround_8796_backend\race_guidance_control\routes_performance\unified\turnaround_1.npz,five_axis/turnaround_8796_backend/race_guidance_control/routes_performance,,8750337ef091c6551bf6724db22ddb8306bf52be2f6899de7c5c14f279097251,0f62f695fd0c6bebca4463c4a51dbb889a3923b9953711600533de6e15fed7f3,,,,,,,,,,,,,,,unknown_or_conflict,path_only,244.642183,2035,2026-08-17T15:03:18+08:00,LEGION,81525,true,ok,
fe99043c80742250,,turnaround_1_dynamic,,E:\BaiduNetdiskDownload\使命召唤\OnSite-B-1150-Unified\five_axis\turnaround_8796_backend\race_guidance_control\routes_performance\unified\turnaround_1_dynamic.npz,five_axis/turnaround_8796_backend/race_guidance_control/routes_performance,,fe99043c80742250d8af82b318b64d223d7ec25343f9720d686505e49ee53115,ac723a6cc776a7e4aa6277ef3cc19a270bad679ce0f4bdafce213379d65fcd21,,,,,,,,,,,,,,12,six_axis_structural,steer_vector_dimension,260.642183,2197,2026-08-17T15:03:18+08:00,LEGION,136452,true,ok,
d01d64e359d188ec,new_route_without_label,cliff_1,,E:\BaiduNetdiskDownload\使命召唤\OnSite-B-1150-Unified\six_axis\race_guidance_control\routes\cliff_1.npz,six_axis/race_guidance_control/routes,,d01d64e359d188ec0b2f979e0f2747d72e1603e2ea3dc378212db95b3122b30e,967a6f2d03e9ca01db7be59fbbe1e3f168ce906ccd478968dca7eb15aad38a7b,,,,,,,,,,,,,,12,six_axis_structural,steer_vector_dimension,135.015132,677,2026-08-07T15:15:04+08:00,LEGION,80141,true,ok,
5092ea59f5c30498,new_route_without_label,cliff_2,,E:\BaiduNetdiskDownload\使命召唤\OnSite-B-1150-Unified\six_axis\race_guidance_control\routes\cliff_2.npz,six_axis/race_guidance_control/routes,,5092ea59f5c304984c3306c6e6c3e6990ecdf90b413b58a5740b6aef6f63a6c4,dac1011384452dc2345aac53c58dd8153bed6262c5ebf80a7085737e7d406796,,,,,,,,,,,,,,12,six_axis_structural,steer_vector_dimension,578.515409,2894,2026-08-07T15:18:10+08:00,LEGION,236041,true,ok,
309d95fbe41bd18a,new_route_without_label,cross_1,,E:\BaiduNetdiskDownload\使命召唤\OnSite-B-1150-Unified\six_axis\race_guidance_control\routes\cross_1.npz,six_axis/race_guidance_control/routes,,309d95fbe41bd18a96d28db8343b3be51e3029e35100b5166dee8fbc964c0534,2516080694280f9d71c5e5005790ff70c2e46c3d7f28aed8ee24b6dcfcaed853,,,,,,,,,,,,,,12,six_axis_structural,steer_vector_dimension,341.651703,1710,2026-08-10T00:08:38+08:00,LEGION,177965,true,ok,
df5336f8fdf279a3,new_route_without_label,cross_2,,E:\BaiduNetdiskDownload\使命召唤\OnSite-B-1150-Unified\six_axis\race_guidance_control\routes\cross_2.npz,six_axis/race_guidance_control/routes,,df5336f8fdf279a3919d73e77837126710e48340dbda185af8370ac1e4d62e65,a437b15ce78e15f397672c9c0f54452751154338df0b6122bfa1375ef99842fd,,,,,,,,,,,,,,12,six_axis_structural,steer_vector_dimension,341.706066,1710,2026-08-07T15:21:14+08:00,LEGION,123009,true,ok,
d7ccac224bb6a4f3,new_route_without_label,mounarea_1,,E:\BaiduNetdiskDownload\使命召唤\OnSite-B-1150-Unified\six_axis\race_guidance_control\routes\mounarea_1.npz,six_axis/race_guidance_control/routes,,d7ccac224bb6a4f32652eb0fbf5d6e65cb37c7fec6e1a789c8b1c2319df05fa7,bfbb0885c5338ea27fffc61b4469b73331c721cb833c35072aa3b8dc351933d8,,,,,,,,,,,,,,12,six_axis_structural,steer_vector_dimension,924.089078,4622,2026-08-07T14:50:42+08:00,LEGION,520384,true,ok,
16f7046c823273c4,new_route_without_label,mounarea_2,,E:\BaiduNetdiskDownload\使命召唤\OnSite-B-1150-Unified\six_axis\race_guidance_control\routes\mounarea_2.npz,six_axis/race_guidance_control/routes,,16f7046c823273c4ad61bac99df90a45316277180ab0b99868dbcccfe20a0d9e,721976fb89a77988581ccdd143246b9cecabb06384866fa8643922f20b4460ea,,,,,,,,,,,,,,12,six_axis_structural,steer_vector_dimension,468.683116,2345,2026-08-07T15:22:44+08:00,LEGION,253122,true,ok,
cb5ab5cec055356c,new_route_without_label,narrow_1,,E:\BaiduNetdiskDownload\使命召唤\OnSite-B-1150-Unified\six_axis\race_guidance_control\routes\narrow_1.npz,six_axis/race_guidance_control/routes,,cb5ab5cec055356c1f597fdaaab87e88f18065afa75dcf93f69488db4dfcc2c0,5e8020417795a6dedf5eb97d1ff1700fd0882eba5b50e234f7042633a6c5f289,,,,,,,,,,,,,,12,six_axis_structural,steer_vector_dimension,49.9564057,251,2026-08-11T18:45:38+08:00,LEGION,39286,true,ok,
105cfd63bb37490a,new_route_without_label,overpass_1,,E:\BaiduNetdiskDownload\使命召唤\OnSite-B-1150-Unified\six_axis\race_guidance_control\routes\overpass_1.npz,six_axis/race_guidance_control/routes,,105cfd63bb37490af24f8c2d568b9d4d7174afebe2939052ef7c3938ec350c63,8f2cdaec3e4b8330716ef7062497e2987d49822a90fe62cc7239c4fc629897f7,,,,,,,,,,,,,,12,six_axis_structural,steer_vector_dimension,2054.30922,10273,2026-08-07T15:01:08+08:00,LEGION,1158666,true,ok,
8007a657b6bc3ada,new_route_without_label,overpass_2,,E:\BaiduNetdiskDownload\使命召唤\OnSite-B-1150-Unified\six_axis\race_guidance_control\routes\overpass_2.npz,six_axis/race_guidance_control/routes,,8007a657b6bc3ada345257d7659ed3a2d2a3af01b9ea42c4f420262a11880cca,b4e75f900de0d4c0db572e6011b2642edbc50bc199e413a2507312fc5b692819,,,,,,,,,,,,,,12,six_axis_structural,steer_vector_dimension,2589.58393,12949,2026-08-07T16:24:06+08:00,LEGION,2399743,true,ok,
ba62e96011ce4f85,new_route_without_label,ramp_1,,E:\BaiduNetdiskDownload\使命召唤\OnSite-B-1150-Unified\six_axis\race_guidance_control\routes\ramp_1.npz,six_axis/race_guidance_control/routes,,ba62e96011ce4f85028c8f4f2a919f9434611d2aa771e1b28ca9fdf9533832ce,2eec9bba2329769f804b0ac148f553fc4b8974869168a555756512f02f654dc0,,,,,,,,,,,,,,12,six_axis_structural,steer_vector_dimension,858.974915,4296,2026-08-07T18:17:50+08:00,LEGION,467158,true,ok,
32744a2b35c6ccc4,new_route_without_label,ramp_2,,E:\BaiduNetdiskDownload\使命召唤\OnSite-B-1150-Unified\six_axis\race_guidance_control\routes\ramp_2.npz,six_axis/race_guidance_control/routes,,32744a2b35c6ccc40e9308e99f3f2c9ad1dbaa9f90fc2a22360fcbd8d4427392,746bc1897d8055eba706d03bb247cf6d7eea2aae50d06a52ae1d9b87142bcd4c,,,,,,,,,,,,,,12,six_axis_structural,steer_vector_dimension,1169.20849,5848,2026-08-07T15:38:28+08:00,LEGION,577273,true,ok,
07c8050948749e67,new_route_without_label,turnaround_1,,E:\BaiduNetdiskDownload\使命召唤\OnSite-B-1150-Unified\six_axis\race_guidance_control\routes\turnaround_1.npz,six_axis/race_guidance_control/routes,,07c8050948749e67805b60b6508aa4596e7be7fdb09e437ef5ebcc34c07c3aa6,c6f1125842b92efbdb6aaf59b6229c1205fea1f57f3404e105e348ff193545bc,,,,,,,,,,,,,,12,six_axis_structural,steer_vector_dimension,244.642183,2035,2026-08-07T16:19:14+08:00,LEGION,174900,true,ok,
